id,full_name,country,email,gender,dob,blood_group,state
17011CE23,Othilia Dykas,Brazil,odykas0@ovh.net,Female,05-11-2008,B+,Goa
1701CB01,Gery Pfeiffer,Argentina,gpfeiffer1@amazonaws.com,Male,09-10-2001,A+,Telangana
1701CB04,Shannan Downey,Indonesia,sdowney2@wikispaces.com,Male,30-09-2008,AB+,Telangana
1701CB05,Marielle Matiewe,Philippines,mmatiewe3@e-recht24.de,Female,30-08-2004,A-,Arunachal Pradesh
1701CB06,Rube Varker,Russia,rvarker4@macromedia.com,Male,27-02-2000,AB-,Manipur
1701CB07,Emilio Tallant,India,etallant5@aol.com,Male,25-08-2017,A-,Delhi
1701CB08,Ivette Brando,Finland,ibrando6@cafepress.com,Female,06-08-2002,O-,Manipur
1701CB10,Felix Rodger,Indonesia,frodger7@msn.com,Male,04-07-2010,AB+,Sikkim
1701CB11,Nalani Fassan,Portugal,nfassan8@oracle.com,Female,31-10-2014,B+,Haryana
1701CB12,Raoul Apedaile,Indonesia,rapedaile9@discovery.com,Male,11-08-2006,AB-,Telangana
1701CB14,Todd Dibson,India,tdibsona@statcounter.com,Male,03-06-2013,B-,Madhya Pradesh
1701CB15,Binny Forsyde,Argentina,bforsydeb@plala.or.jp,Female,28-12-2002,AB-,Arunachal Pradesh
1701CB16,Kliment Jentle,Russia,kjentlec@behance.net,Male,12-08-2005,A+,Meghalaya
1701CB17,Donella Danniell,India,ddannielld@blogspot.com,Female,17-02-2017,AB-,Odisha
1701CB18,Randall Baggot,Mexico,rbaggote@vinaora.com,Male,19-07-2011,O-,Himachal Pradesh
1701CB19,Codee O'Doohaine,Colombia,codoohainef@gizmodo.com,Female,18-01-2002,B-,Manipur
1701CB20,Catriona Usmar,India,cusmarg@hatena.ne.jp,Female,21-08-2016,A-,Odisha
1701CB21,Kristal MacDonagh,Thailand,kmacdonaghh@4shared.com,Female,24-01-2005,B+,Andhra Pradesh
1701CB22,Bink Hacon,Bolivia,bhaconi@ucoz.ru,Male,14-04-2011,A-,Karnataka
1701CB23,Norah Baradel,Indonesia,nbaradelj@europa.eu,Female,21-03-2016,AB-,Maharashtra
1701CB25,Korrie Craddock,Indonesia,kcraddockk@ning.com,Female,19-02-2003,O-,Dadra and Nagar Haveli
1701CB26,Hallie Marten,Argentina,hmartenl@ehow.com,Female,04-06-2010,AB-,Karnataka
1701CB27,Onfre Bortolozzi,India,obortolozzim@parallels.com,Male,02-08-2003,O+,Sikkim
1701CE01,Jen Heaton,India,jheatonn@boston.com,Female,23-06-2008,B+,Meghalaya
1701CE02,Burg Seson,Thailand,bsesono@disqus.com,Male,02-03-2012,O+,Uttarakhand
1701CE03,Loydie Harewood,Uzbekistan,lharewoodp@pcworld.com,Male,26-11-2010,AB+,Gujarat
1701CE04,Saunder Hulatt,Philippines,shulattq@lulu.com,Male,30-03-2004,O-,Nagaland
1701CE05,Brook Sarson,Luxembourg,bsarsonr@soundcloud.com,Male,21-02-2006,O-,Telangana
1701CE06,Peri Connal,Indonesia,pconnals@imgur.com,Female,23-08-2015,A+,Jammu and Kashmir
1701CE07,Appolonia Hughlock,India,ahughlockt@sina.com.cn,Female,14-01-2012,A-,Karnataka
1701CE08,Prince Thurstance,Russia,pthurstanceu@printfriendly.com,Male,22-02-2001,AB-,Lakshadweep
1701CE09,Berti Chaucer,Chile,bchaucerv@opera.com,Male,11-05-2009,O-,Andaman and Nicobar Islands
1701CE10,Adriana Lishman,India,alishmanw@upenn.edu,Female,13-10-2016,B-,Dadra and Nagar Haveli
1701CE11,Shelley Domican,Senegal,sdomicanx@ftc.gov,Male,21-08-2018,A+,Karnataka
1701CE12,Keary Muggleton,India,kmuggletony@cnbc.com,Male,25-09-2001,O+,Dadra and Nagar Haveli
1701CE15,Trix Portman,India,tportmanz@comsenz.com,Female,17-12-2012,B-,Daman and Diu
1701CE16,Gladys Emerine,Peru,gemerine10@cdc.gov,Female,22-07-2012,A-,Madhya Pradesh
1701CE17,Raine Blackleech,Czech Republic,rblackleech11@webmd.com,Female,10-09-1999,A-,Nagaland
1701CE18,Bernarr Brade,Russia,bbrade12@friendfeed.com,Male,11-08-2011,A+,Chhattisgarh
1701CE19,Dory Monday,Philippines,dmonday13@jimdo.com,Male,31-05-2005,O+,Tripura
1701CE20,Blakelee Shutt,Serbia,bshutt14@mit.edu,Female,03-07-2015,B-,Haryana
1701CE21,Berri Pepperill,Finland,bpepperill15@cloudflare.com,Female,30-10-1999,AB+,Puducherry
1701CE23,Erhart Scading,Poland,escading16@princeton.edu,Male,09-08-2010,B+,Mizoram
1701CE24,Chan Sherer,India,csherer17@studiopress.com,Male,13-03-2011,A+,Gujarat
1701CE26,Roseline Leatherland,Indonesia,rleatherland18@intel.com,Female,10-11-2009,A-,Haryana
1701CE28,Fanchette Gauvain,India,fgauvain19@geocities.com,Female,21-10-2012,A-,Haryana
1701CS01,Ezri Pumfrey,Mexico,epumfrey1a@prnewswire.com,Male,20-09-2005,AB+,Nagaland
1701CS02,Ariadne Westby,Bulgaria,awestby1b@desdev.cn,Female,29-12-1998,B+,Lakshadweep
1701CS03,Gaby Kirkham,Colombia,gkirkham1c@t.co,Female,12-02-2009,AB+,Dadra and Nagar Haveli
1701CS04,Talya Peret,Argentina,tperet1d@themeforest.net,Female,04-02-2005,A+,Punjab
1701CS05,Torry Skyram,Brazil,tskyram1e@nhs.uk,Male,06-01-2017,AB-,Karnataka
1701CS06,Hewett Gianulli,Tanzania,hgianulli1f@mit.edu,Male,18-09-2004,A+,Telangana
1701CS07,Moreen Ramelet,El Salvador,mramelet1g@digg.com,Female,01-05-2008,B+,Jammu and Kashmir
1701CS08,Oswald Madge,Finland,omadge1h@imageshack.us,Male,19-06-2009,A+,Maharashtra
1701CS09,Mireille Sessions,Sweden,msessions1i@amazon.com,Female,06-11-2017,A-,Jammu and Kashmir
1701CS10,Connie De Brett,India,cde1j@europa.eu,Female,01-04-2017,B+,Maharashtra
1701CS11,Caprice Knighton,Philippines,cknighton1k@nbcnews.com,Female,14-01-2009,AB-,Rajasthan
1701CS12,Myrah Cusick,Russia,mcusick1l@amazon.co.jp,Female,30-07-2009,AB-,Daman and Diu
1701CS13,Maggi Clemmen,Philippines,mclemmen1m@mail.ru,Female,14-09-2008,O-,Dadra and Nagar Haveli
1701CS14,Lucie Wogan,Albania,lwogan1n@samsung.com,Female,07-11-2019,O-,Lakshadweep
1701CS15,Dolli Clericoates,Russia,dclericoates1o@desdev.cn,Female,29-07-2013,O-,Jammu and Kashmir
1701CS16,Katey Lapsley,Colombia,klapsley1p@behance.net,Female,11-09-2017,B-,Himachal Pradesh
1701CS17,Farrah Ginty,India,fginty1q@comsenz.com,Female,02-01-2009,A-,Arunachal Pradesh
1701CS18,Dominica Donahue,India,ddonahue1r@flavors.me,Female,08-05-2007,A+,Tamil Nadu
1701CS19,Kleon Caser,Yemen,kcaser1s@si.edu,Male,23-06-2018,AB-,Arunachal Pradesh
1701CS20,Patty Verrillo,Poland,pverrillo1t@symantec.com,Male,29-07-2004,A-,Gujarat
1701CS21,Madeleine Philipet,Norway,mphilipet1u@lulu.com,Female,01-02-2015,AB-,Lakshadweep
1701CS22,Davita Leyden,India,dleyden1v@nature.com,Female,02-10-2020,A-,Himachal Pradesh
1701CS23,Chandal Ramsby,Panama,cramsby1w@surveymonkey.com,Female,20-10-1998,AB-,Delhi
1701CS24,Russell Pickett,Cuba,rpickett1x@tiny.cc,Male,10-06-2013,AB-,Andaman and Nicobar Islands
1701CS25,Rene Fargher,Indonesia,rfargher1y@paginegialle.it,Female,09-06-2000,B-,Himachal Pradesh
1701CS26,Leslie Bernet,Peru,lbernet1z@mysql.com,Male,20-08-2018,AB-,Uttar Pradesh
1701CS27,Doug Hallsworth,India,dhallsworth20@samsung.com,Male,16-10-2004,B-,Karnataka
1701CS28,Theodor Wonter,Austria,twonter21@list-manage.com,Male,26-02-2017,A+,Dadra and Nagar Haveli
1701CS29,Shawnee Buchan,Russia,sbuchan22@netscape.com,Female,07-10-2002,A-,Madhya Pradesh
1701CS30,Caryn Churches,India,cchurches23@printfriendly.com,Female,20-06-2007,A-,Jammu and Kashmir
1701CS31,Aliza Benoiton,Indonesia,abenoiton24@hao123.com,Female,19-07-2002,AB+,Arunachal Pradesh
1701CS32,Leonanie Blancowe,India,lblancowe25@smh.com.au,Female,28-02-2019,A-,Goa
1701CS33,Pooh Hearson,Brazil,phearson26@ustream.tv,Female,13-05-2006,O-,Uttar Pradesh
1701CS34,Barris Firidolfi,Brazil,bfiridolfi27@constantcontact.com,Male,10-09-2011,O-,Himachal Pradesh
1701CS35,Cissiee Gauler,Mauritius,cgauler28@meetup.com,Female,17-09-2020,A-,Jammu and Kashmir
1701CS36,Rahel Leonard,India,rleonard29@skyrock.com,Female,06-07-2003,A+,Gujarat
1701CS37,Doroteya Mattin,Brazil,dmattin2a@behance.net,Female,19-08-2009,B+,Uttar Pradesh
1701CS38,Raul Snufflebottom,Ukraine,rsnufflebottom2b@comsenz.com,Male,23-04-2015,O+,Himachal Pradesh
1701CS39,Morgun Goldstraw,Brazil,mgoldstraw2c@biglobe.ne.jp,Male,22-10-2011,A-,Meghalaya
1701CS40,Hunter Zorzoni,Philippines,hzorzoni2d@mediafire.com,Male,11-09-2016,B-,Arunachal Pradesh
1701CS41,Osmund Ellif,India,oellif2e@booking.com,Male,13-06-2006,O+,Arunachal Pradesh
1701CS42,Putnam Honig,Russia,phonig2f@biblegateway.com,Male,11-09-2010,O-,Daman and Diu
1701CS43,Hynda Tothe,Indonesia,htothe2g@bloglines.com,Female,18-08-2013,A+,Odisha
1701CS44,Loretta Donaher,Brazil,ldonaher2h@latimes.com,Female,03-09-2004,AB-,Haryana
1701CS45,Anson Jobson,Peru,ajobson2i@over-blog.com,Male,25-11-2014,AB-,Bihar
1701CS46,Alejoa Biagioni,Indonesia,abiagioni2j@themeforest.net,Male,23-05-2000,A+,Gujarat
1701CS47,Goddart Chazette,Lithuania,gchazette2k@github.io,Male,01-11-2018,AB-,Dadra and Nagar Haveli
1701CS48,Darcy Van der Krui,Venezuela,dvan2l@phoca.cz,Male,13-05-2019,B-,Chhattisgarh
1701CS49,Aeriel Pryor,Poland,apryor2m@diigo.com,Female,12-08-2008,A-,Tamil Nadu
1701CS50,Darci Thumim,France,dthumim2n@bigcartel.com,Female,16-08-2018,B+,Sikkim
1701CS51,Camilla Baudou,Indonesia,cbaudou2o@fc2.com,Female,17-08-2011,AB-,Manipur
1701CS52,Naoma Cosgrave,India,ncosgrave2p@arstechnica.com,Female,29-10-2019,A-,West Bengal
1701CS53,Ayn Hinstridge,Brazil,ahinstridge2q@wisc.edu,Female,08-04-2012,B-,Gujarat
1701CS54,Krishnah Cornbill,Russia,kcornbill2r@hostgator.com,Male,06-12-2000,A-,Manipur
1701CS55,Lauralee Nimmo,Poland,lnimmo2s@narod.ru,Female,12-12-2011,O-,Goa
1701CS56,Colman Colbrun,Italy,ccolbrun2t@usnews.com,Male,29-01-2006,B-,Rajasthan
1701CS57,Berenice Blaxley,Canada,bblaxley2u@photobucket.com,Female,30-10-2010,O-,Andaman and Nicobar Islands
1701CS58,Adora Dallin,Russia,adallin2v@deviantart.com,Female,19-01-2001,O+,Manipur
1701CS59,Brandise Halfhead,Pakistan,bhalfhead2w@marriott.com,Female,27-09-1999,B+,Arunachal Pradesh
1701CS60,Viva Moff,Russia,vmoff2x@simplemachines.org,Female,17-02-2006,AB+,Haryana
1701CS61,Creigh Tomich,Yemen,ctomich2y@usgs.gov,Male,23-10-2018,O-,Lakshadweep
1701EE01,Martino Farish,Japan,mfarish2z@nbcnews.com,Male,15-01-2009,A+,Haryana
1701EE02,Ruttger Noirel,Israel,rnoirel30@washingtonpost.com,Male,07-03-1999,A-,Chandigarh
1701EE04,Mia Novic,Russia,mnovic31@auda.org.au,Female,14-12-2008,B+,Chandigarh
1701EE05,Robers Toth,Philippines,rtoth32@sourceforge.net,Male,22-06-2011,B+,Manipur
1701EE06,Bendick Forsyth,Portugal,bforsyth33@google.ca,Male,03-04-2002,O+,Odisha
1701EE07,Cash Offa,France,coffa34@devhub.com,Male,08-10-2011,A+,Bihar
1701EE08,Adora Chisolm,Poland,achisolm35@newyorker.com,Female,07-10-2006,O-,Karnataka
1701EE10,Rick Ladd,Lithuania,rladd36@w3.org,Male,08-04-2005,B+,Telangana
1701EE11,Tiebout Alkins,France,talkins37@cnet.com,Male,21-08-2019,B+,Andhra Pradesh
1701EE12,Marta Robun,India,mrobun38@hibu.com,Female,26-08-2006,AB-,Himachal Pradesh
1701EE13,Geoffrey McDavitt,India,gmcdavitt39@wp.com,Male,15-04-2019,B+,Meghalaya
1701EE14,Gerta Bloxsom,India,gbloxsom3a@uol.com.br,Female,02-01-2008,AB-,Uttar Pradesh
1701EE15,Tani Ingall,Brazil,tingall3b@zimbio.com,Female,07-06-2014,O+,Puducherry
1701EE16,Bibi Jaycocks,Indonesia,bjaycocks3c@digg.com,Female,24-06-2002,O-,Andhra Pradesh
1701EE17,Clair Krolle,Indonesia,ckrolle3d@miibeian.gov.cn,Female,15-12-2005,AB+,Jharkhand
1701EE19,Abba Ramsay,Spain,aramsay3e@answers.com,Male,09-07-2004,O+,Lakshadweep
1701EE20,Sidney Giacopini,Finland,sgiacopini3f@wikia.com,Male,15-06-2003,B+,Puducherry
1701EE21,Lynne Adlem,Sweden,ladlem3g@cnn.com,Female,27-08-2014,AB+,Sikkim
1701EE23,Tobe Bushell,India,tbushell3h@macromedia.com,Female,17-05-2016,B-,Uttarakhand
1701EE24,Hope O'Doireidh,Poland,hodoireidh3i@usda.gov,Female,13-02-2007,O-,Delhi
1701EE26,Martino Aubery,Colombia,maubery3j@google.cn,Male,26-04-2015,A-,Odisha
1701EE27,Glen Bordone,Portugal,gbordone3k@soup.io,Male,11-11-2018,A-,Daman and Diu
1701EE29,Cyndy Voules,Poland,cvoules3l@clickbank.net,Female,10-07-2004,AB+,Tamil Nadu
1701EE30,Cookie Bordone,Chile,cbordone3m@biblegateway.com,Female,02-06-2016,AB+,Dadra and Nagar Haveli
1701EE31,Sephira Paradis,Indonesia,sparadis3n@smh.com.au,Female,06-09-2002,O+,Odisha
1701EE32,Grace McSperrin,Portugal,gmcsperrin3o@cyberchimps.com,Male,02-11-2016,B+,Bihar
1701EE33,Lowe Atchly,Yemen,latchly3p@wikipedia.org,Male,11-11-2007,O-,Nagaland
1701EE34,Aldon Freestone,Greece,afreestone3q@oakley.com,Male,08-06-2000,O+,Daman and Diu
1701EE35,Franklin Rops,India,frops3r@bbb.org,Male,18-11-2000,O+,West Bengal
1701EE36,Rhoda Hutchason,Poland,rhutchason3s@ox.ac.uk,Female,16-06-2007,AB-,Assam
1701EE37,Berk Lezemore,Albania,blezemore3t@multiply.com,Male,21-05-2015,A+,Haryana
1701EE38,Maris Warboy,Turkmenistan,mwarboy3u@utexas.edu,Female,22-09-2013,B+,Mizoram
1701EE39,Charlton Buckley,Costa Rica,cbuckley3v@t.co,Male,20-11-2018,B+,Karnataka
1701EE40,Claiborn Hewins,Czech Republic,chewins3w@dot.gov,Male,16-05-2005,O-,Haryana
1701EE41,Miguelita Weild,Sweden,mweild3x@unesco.org,Female,16-11-2007,AB-,Arunachal Pradesh
1701EE42,Faun Mowle,India,fmowle3y@statcounter.com,Female,23-10-1998,O+,Tripura
1701EE43,Gibb Skellington,Russia,gskellington3z@naver.com,Male,26-10-2006,AB-,Karnataka
1701EE44,Pen Grimes,Guatemala,pgrimes40@jigsy.com,Male,12-06-2008,A-,Telangana
1701EE45,Merv Seeney,Poland,mseeney41@discuz.net,Male,20-05-2011,B-,Andhra Pradesh
1701EE46,Orran Vidgen,Central African Republic,ovidgen42@goo.ne.jp,Male,31-12-2019,B-,Tripura
1701EE49,Esma Geist,India,egeist43@bigcartel.com,Female,19-02-2015,B+,Rajasthan
1701EE50,Marilee Sheard,Philippines,msheard44@over-blog.com,Female,17-04-2000,AB+,Andaman and Nicobar Islands
1701EE52,Quintilla Yoselevitch,India,qyoselevitch45@nhs.uk,Female,18-03-2004,O-,Dadra and Nagar Haveli
1701EE53,Silvan Townsend,Indonesia,stownsend46@tuttocitta.it,Male,10-09-2017,B+,Telangana
1701EE54,Angelle Burges,Nigeria,aburges47@mail.ru,Female,11-09-2011,O-,Andhra Pradesh
1701EE55,Cynthia Croizier,Canada,ccroizier48@surveymonkey.com,Female,13-03-2019,AB-,Tripura
1701EE56,Farley Cahan,France,fcahan49@about.com,Male,25-10-2002,AB-,Andaman and Nicobar Islands
1701EE57,Kristy Craney,India,kcraney4a@e-recht24.de,Female,19-11-2007,AB+,Daman and Diu
1701EE58,Adolph Schouthede,Gambia,aschouthede4b@multiply.com,Male,26-04-2011,B-,Mizoram
1701EE59,Salvador Mumm,Yemen,smumm4c@fda.gov,Male,01-05-2002,AB+,Mizoram
1701EE60,Chickie Lacroutz,Poland,clacroutz4d@freewebs.com,Female,14-05-2008,A+,Assam
1701EE61,Kora Kobke,Trinidad and Tobago,kkobke4e@smh.com.au,Female,29-11-1998,O-,Himachal Pradesh
1701ME01,Cobb Idenden,Palestinian Territory,cidenden4f@wix.com,Male,17-04-2002,A+,Tamil Nadu
1701ME02,Vanny Pardi,Morocco,vpardi4g@pcworld.com,Female,09-03-2005,A-,Gujarat
1701ME03,Phyllys Donohue,Portugal,pdonohue4h@digg.com,Female,25-10-2004,AB-,Himachal Pradesh
1701ME04,Anderson Vellacott,India,avellacott4i@census.gov,Male,07-03-2009,AB+,Bihar
1701ME05,Bary Tregunnah,India,btregunnah4j@wisc.edu,Male,09-12-1998,A+,Punjab
1701ME06,Tabina Sabben,Japan,tsabben4k@moonfruit.com,Female,29-12-2000,B-,Sikkim
1701ME07,Robin Traynor,France,rtraynor4l@ed.gov,Male,07-03-2004,A-,Puducherry
1701ME08,Marysa Libbis,Indonesia,mlibbis4m@furl.net,Female,15-07-2001,O-,Bihar
1701ME10,Marmaduke Rowden,Japan,mrowden4n@printfriendly.com,Male,07-08-2015,B+,Daman and Diu
1701ME12,Kylie Bulter,United Arab Emirates,kbulter4o@uol.com.br,Male,24-11-2002,A-,West Bengal
1701ME13,Terrence Lahrs,Mexico,tlahrs4p@examiner.com,Male,17-10-2009,O+,Uttarakhand
1701ME15,Vivianne Duffit,Brazil,vduffit4q@apple.com,Female,08-02-2005,B-,Andaman and Nicobar Islands
1701ME19,Bebe Dingivan,France,bdingivan4r@shinystat.com,Female,15-07-2013,O-,Odisha
1701ME20,Giordano Chasmoor,Greece,gchasmoor4s@samsung.com,Male,11-04-2002,O-,Andhra Pradesh
1701ME21,Milton Rosenhaus,Japan,mrosenhaus4t@wikia.com,Male,03-05-2012,AB+,Jharkhand
1701ME23,Dalston Clementson,Philippines,dclementson4u@hatena.ne.jp,Male,01-11-2007,B-,Karnataka
1701ME24,Raynard Cackett,Australia,rcackett4v@slashdot.org,Male,17-10-2011,A-,Uttar Pradesh
1701ME25,Olly Bliven,India,obliven4w@123-reg.co.uk,Female,09-01-2016,B-,Mizoram
1701ME26,Quentin Daughtery,Indonesia,qdaughtery4x@baidu.com,Female,04-08-2017,AB+,Tripura
1701ME27,Micheil Huot,Finland,mhuot4y@google.pl,Male,18-10-2016,O+,Bihar
1701ME28,Giuditta Coweuppe,Philippines,gcoweuppe4z@adobe.com,Female,15-12-2007,A-,Kerala
1701ME29,Bastian Hoppner,Uganda,bhoppner50@macromedia.com,Male,07-06-2002,AB+,Sikkim
1701ME30,Tammie Daspar,Sweden,tdaspar51@boston.com,Female,30-09-2009,O-,Delhi
1701ME31,Pet Candlin,Philippines,pcandlin52@discuz.net,Female,25-02-2019,O-,Puducherry
1701ME33,Sybyl Grebbin,India,sgrebbin53@timesonline.co.uk,Female,16-04-2015,AB+,Bihar
1701ME34,Ekaterina Glasspool,Poland,eglasspool54@indiatimes.com,Female,10-03-2001,A+,Mizoram
1701ME35,Flss Oxenford,Indonesia,foxenford55@google.co.uk,Female,19-02-2015,A+,Bihar
1701ME36,Farley Mawtus,Canada,fmawtus56@wired.com,Male,30-10-1998,AB+,Telangana
1701ME39,Hope Bodycomb,Azerbaijan,hbodycomb57@ehow.com,Female,04-01-2008,O+,Madhya Pradesh
1701ME40,Ernesta Armfirld,Brazil,earmfirld58@edublogs.org,Female,15-04-2016,O-,Tripura
1701ME41,Ky Gerran,India,kgerran59@zdnet.com,Male,03-04-2010,AB+,Bihar
1701ME42,Clea Scaife,Indonesia,cscaife5a@vkontakte.ru,Female,28-05-2015,O-,Dadra and Nagar Haveli
1701ME43,Beatrix Howship,France,bhowship5b@friendfeed.com,Female,11-08-2000,A-,Gujarat
1701ME46,Grethel Bampton,Vietnam,gbampton5c@illinois.edu,Female,11-01-2010,A+,Uttarakhand
1701ME47,Antonius Dedon,Philippines,adedon5d@cisco.com,Male,09-08-2008,A+,Punjab
1701ME49,Shaw Restill,Russia,srestill5e@examiner.com,Male,27-01-2015,A+,Rajasthan
1701ME51,Glendon Kindall,Croatia,gkindall5f@wunderground.com,Male,13-08-2010,O+,Punjab
1701ME53,Dyanna Brimley,Guatemala,dbrimley5g@examiner.com,Female,03-04-2006,B-,Tripura
1701ME54,Matthiew Terrazzo,Poland,mterrazzo5h@yelp.com,Male,29-03-2012,A+,Tamil Nadu
1701ME55,Marney Filchagin,Ivory Coast,mfilchagin5i@pinterest.com,Female,28-11-2004,B+,Tamil Nadu
1701ME57,Jamesy Steabler,India,jsteabler5j@oracle.com,Male,11-04-2012,O+,Nagaland
1711CS01,Drucill Traves,Philippines,dtraves5k@wisc.edu,Female,04-09-2013,A+,Haryana
1711CS02,Libby Bratten,Brazil,lbratten5l@bluehost.com,Female,16-02-2005,O-,Jammu and Kashmir
1711CS03,Adelaide Gahagan,Indonesia,agahagan5m@reuters.com,Female,08-03-2015,A-,Arunachal Pradesh
1711CS04,Alica Rogier,Brazil,arogier5n@github.io,Female,01-07-2014,AB+,Mizoram
1711CS05,Ashlin Keane,Indonesia,akeane5o@timesonline.co.uk,Male,21-11-2008,A-,Bihar
1711CS06,Doralyn Joul,Philippines,djoul5p@dagondesign.com,Female,24-07-2000,B+,Uttar Pradesh
1711CS07,Jessika Brandsen,India,jbrandsen5q@prnewswire.com,Female,02-03-2012,B+,Tripura
1711CS08,Laureen Bartell,India,lbartell5r@shutterfly.com,Female,19-03-2002,AB-,Delhi
1711CS09,Margy Pearse,Serbia,mpearse5s@europa.eu,Female,03-01-2013,A+,Sikkim
1711CS10,Alicea Mannooch,India,amannooch5t@google.ru,Female,10-02-2020,A+,Telangana
1711CS11,Jon Dubock,Indonesia,jdubock5u@quantcast.com,Male,16-06-2000,O+,Punjab
1711CS12,Iggie Danneil,India,idanneil5v@ocn.ne.jp,Male,30-07-2008,AB-,Manipur
1711CS13,Gwenny Oiller,Ukraine,goiller5w@lulu.com,Female,28-07-2007,B+,Jharkhand
1711CS15,Krisha Brauninger,Croatia,kbrauninger5x@webs.com,Male,24-08-2011,AB-,Dadra and Nagar Haveli
1711CS16,Alecia Darnbrough,India,adarnbrough5y@devhub.com,Female,03-05-2006,B-,Himachal Pradesh
1711CS17,Aubrey Goymer,Azerbaijan,agoymer5z@India.com.cn,Male,02-04-2009,A-,Madhya Pradesh
1711EE04,Obadiah Jendricke,France,ojendricke60@ebay.co.uk,Male,19-03-2020,A-,Goa
1711EE05,Adolphe Jaimez,India,ajaimez61@skyrock.com,Male,08-02-2004,AB+,Nagaland
1711EE09,Earle Bonhan,India,ebonhan62@smugmug.com,Male,21-05-2002,AB-,Jammu and Kashmir
1711EE11,Jared Strettle,Russia,jstrettle63@sphinn.com,Male,04-06-2001,A-,Goa
1711EE13,Justina Kinset,Netherlands,jkinset64@wired.com,Female,25-07-2014,B+,Kerala
1711EE15,Thorstein Grisenthwaite,Indonesia,tgrisenthwaite65@bloglines.com,Male,02-02-2015,A+,Sikkim
1711EE17,Henrietta Nolin,Russia,hnolin66@yale.edu,Female,18-07-2000,O-,Andhra Pradesh
1711MC01,Elene Gallahar,Armenia,egallahar67@mozilla.org,Female,04-03-2013,A-,Rajasthan
1711MC02,Rogerio Bergen,Mongolia,rbergen68@gnu.org,Male,11-01-2008,AB+,Meghalaya
1711MC04,Lorene Oldknowe,South Africa,loldknowe69@gizmodo.com,Female,19-04-2014,A-,Mizoram
1711MC05,Ash Ellens,Indonesia,aellens6a@webnode.com,Male,02-04-2008,B+,Andaman and Nicobar Islands
1711MC06,Arnoldo Sumpton,Paraguay,asumpton6b@eventbrite.com,Male,21-07-2007,O-,Punjab
1711MC08,Tilda Murty,Russia,tmurty6c@craigslist.org,Female,15-06-2008,B+,Kerala
1711MC10,Fey Buckhurst,Russia,fbuckhurst6d@topsy.com,Female,30-12-2016,A-,Daman and Diu
1711MC11,Orton Cornelisse,Indonesia,ocornelisse6e@examiner.com,Male,18-01-2020,B-,Maharashtra
1711MC12,Rubi Teasell,India,rteasell6f@flickr.com,Female,11-10-1999,B+,Andaman and Nicobar Islands
1711MC14,Winny Ablott,India,wablott6g@deviantart.com,Male,16-04-2008,B-,Punjab
1711ME02,Adan Cowcha,India,acowcha6h@fda.gov,Male,03-04-2002,AB+,Tripura
1711ME05,Andrej Buscombe,Indonesia,abuscombe6i@sakura.ne.jp,Male,08-01-2003,AB+,Jharkhand
1711ME06,Louisa Brecknall,Montserrat,lbrecknall6j@globo.com,Female,07-05-2000,A+,Goa
1711ME07,Rachael Isted,Russia,risted6k@webs.com,Female,04-08-2014,A+,Bihar
1711ME09,Angeline Lade,Uzbekistan,alade6l@pbs.org,Female,17-09-2012,O+,Assam
1711ME14,Fern Ahmad,Colombia,fahmad6m@sbwire.com,Female,11-02-2006,B-,Kerala
1711ME18,Farley Smithers,India,fsmithers6n@forbes.com,Male,17-02-2002,A-,Bihar
1711ME20,Elvyn Tetsall,Philippines,etetsall6o@ted.com,Male,25-12-2010,O+,Punjab
1711MS02,Page Beverley,Brazil,pbeverley6p@ebay.co.uk,Female,16-12-2004,AB+,Lakshadweep
1711MS07,Liza Jarrell,United Kingdom,ljarrell6q@prweb.com,Female,25-08-2019,A+,Jammu and Kashmir
1711MS08,Aeriela Blaxall,Indonesia,ablaxall6r@de.vu,Female,23-12-2006,AB-,Telangana
1711MS09,Pansie Jacquest,Greece,pjacquest6s@ow.ly,Female,12-09-2003,O-,Maharashtra
1711MS10,Hugh Mary,Libya,hmary6t@salon.com,Male,03-04-2017,O+,Maharashtra
1711MS11,Marlee Meakes,India,mmeakes6u@ezinearticles.com,Female,06-01-2000,B-,Goa
1711MT01,Derrik Sommerton,Indonesia,dsommerton6v@reddit.com,Male,05-02-2005,B-,Jharkhand
1711MT03,Vicki Abramowitz,Philippines,vabramowitz6w@hc360.com,Female,07-05-2019,O+,Jammu and Kashmir
1711MT06,Ana O' Timony,India,ao6x@eepurl.com,Female,26-09-2007,AB+,Goa
1711MT07,Audrye Giovani,Sweden,agiovani6y@free.fr,Female,04-10-2000,A-,Assam
1711MT08,Juieta Denley,France,jdenley6z@go.com,Female,23-01-2008,B-,Tripura
1711MT09,Krishna Jannaway,Czech Republic,kjannaway70@ustream.tv,Male,31-05-2014,B+,Sikkim
1711MT11,Devin Dedden,Portugal,ddedden71@who.int,Female,12-03-2005,AB-,Chhattisgarh
1711MT12,Jessee O'Dulchonta,India,jodulchonta72@nih.gov,Male,24-02-2006,B-,Chandigarh
1711MT14,Eddy Cromwell,Greece,ecromwell73@last.fm,Male,25-08-2014,AB+,Tripura
1711MT15,Doro Kinnane,United States,dkinnane74@opera.com,Female,05-05-2003,B+,Telangana
1711MT16,Samara Liddle,Indonesia,sliddle75@telegraph.co.uk,Female,29-05-2013,B-,Daman and Diu
1711NT02,Ferris McKirdy,Czech Republic,fmckirdy76@princeton.edu,Male,20-09-2006,AB-,Rajasthan
1711NT03,Barton Ferron,India,bferron77@mac.com,Male,10-11-2011,O-,Jammu and Kashmir
1711NT05,Merwin Cotillard,Greece,mcotillard78@imdb.com,Male,08-12-2011,B+,Tamil Nadu
1711NT06,Carson Curteis,Philippines,ccurteis79@webmd.com,Male,25-04-2018,O+,Dadra and Nagar Haveli
1711NT07,Eleanor Swaby,United States,eswaby7a@histats.com,Female,05-04-2019,A+,Arunachal Pradesh
1711NT10,Torrence Usmar,Indonesia,tusmar7b@cafepress.com,Male,21-01-2001,O-,Andhra Pradesh
1721CB04,Holt Kitchaside,Portugal,hkitchaside7c@businesswire.com,Male,27-02-2004,A+,Goa
1721CE02,Faythe McGriele,India,fmcgriele7d@google.es,Female,27-04-2000,A+,Karnataka
1721CE05,Elizabeth McElvogue,Russia,emcelvogue7e@bbc.co.uk,Female,11-02-2011,B-,Andhra Pradesh
1721CE06,Kenneth Dod,Nigeria,kdod7f@sciencedaily.com,Male,10-08-2012,A+,Andhra Pradesh
1721CE07,Milt O'Keeffe,Peru,mokeeffe7g@163.com,Male,30-05-2007,AB-,Tamil Nadu
1721CH03,Marcos Franc,France,mfranc7h@prnewswire.com,Male,28-06-2011,AB-,Lakshadweep
1721CH09,Burnard Brasse,United States,bbrasse7i@nsw.gov.au,Male,06-10-2017,O+,Chandigarh
1721CH11,Nada Fairest,India,nfairest7j@vk.com,Female,23-12-2018,O-,Madhya Pradesh
1721CS02,Kennett Dabes,Greece,kdabes7k@google.fr,Male,29-03-2000,A+,Chhattisgarh
1721CS03,Sanson Stitch,Thailand,sstitch7l@who.int,Male,01-08-2005,AB-,West Bengal
1721CS04,Josephine Kubelka,Sweden,jkubelka7m@parallels.com,Female,30-08-2014,A-,Uttar Pradesh
1721CS05,Zenia Flello,Mexico,zflello7n@drupal.org,Female,20-09-2013,O-,Kerala
1721CS07,Dorothee Mougeot,Ukraine,dmougeot7o@gnu.org,Female,24-04-2009,A-,Mizoram
1721CS08,Arturo Hooks,India,ahooks7p@si.edu,Male,28-02-2007,B-,Bihar
1721CS09,Amble Sadlier,India,asadlier7q@joomla.org,Male,08-09-2004,O+,Uttarakhand
1721CS10,Ange Stoppe,France,astoppe7r@India.com.cn,Female,27-07-2006,O-,Tamil Nadu
1721CS11,Germayne Broughton,France,gbroughton7s@marketwatch.com,Male,26-04-2006,O-,Lakshadweep
1721CS12,Jewell Randlesome,Sierra Leone,jrandlesome7t@i2i.jp,Female,29-09-2007,O+,Andhra Pradesh
1721CS13,Dorice Reyner,Macedonia,dreyner7u@lycos.com,Female,08-05-2003,A+,Himachal Pradesh
1721EE02,Kurtis Troppmann,India,ktroppmann7v@wisc.edu,Male,25-08-2016,B-,Kerala
1721EE04,Midge Blint,Armenia,mblint7w@ucoz.com,Female,02-02-2003,B-,Punjab
1721EE06,Vail Dionsetti,Peru,vdionsetti7x@rambler.ru,Male,15-06-2010,AB+,Telangana
1721EE09,Merwin Couroy,Bulgaria,mcouroy7y@over-blog.com,Male,06-11-2005,B+,Tamil Nadu
1721EE10,Britney MacPaden,Indonesia,bmacpaden7z@amazon.co.jp,Female,07-04-2008,A-,Chhattisgarh
1721EE11,Raffarty Weston,India,rweston80@acquirethisname.com,Male,20-06-2018,O+,Sikkim
1721EE12,Dayna Lillicrap,Andorra,dlillicrap81@i2i.jp,Female,21-08-2001,B+,Nagaland
1721EE17,Sigismond Trounce,India,strounce82@senate.gov,Male,01-04-2002,AB+,Rajasthan
1721EE18,Nicko Geyton,Russia,ngeyton83@nydailynews.com,Male,10-08-2010,B-,Jharkhand
1721HS04,Ingamar Bambrough,Canada,ibambrough84@goodreads.com,Male,20-03-2003,A-,Puducherry
1721HS05,Sutherlan Mathey,Ghana,smathey85@clickbank.net,Male,29-07-2009,A-,Kerala
1721HS06,Nedi Gove,India,ngove86@mac.com,Female,13-04-2000,B+,Telangana
1721HS07,Kareem Beverstock,France,kbeverstock87@sun.com,Male,08-10-2010,A-,Haryana
1721HS08,Boot Munro,India,bmunro88@shop-pro.jp,Male,03-01-2009,A-,Andhra Pradesh
1721HS10,Robbie Casterou,India,rcasterou89@csmonitor.com,Female,17-10-2019,AB+,Rajasthan
1721MA03,Reynolds Kuhwald,Russia,rkuhwald8a@irs.gov,Male,20-06-2002,AB-,Odisha
1721MA04,Filmore Tissier,Greece,ftissier8b@abc.net.au,Male,21-11-2012,O+,Nagaland
1721MA09,Piotr Gannicleff,Tonga,pgannicleff8c@networksolutions.com,Male,06-05-2019,A-,West Bengal
1721MA10,Becki Greatham,Morocco,bgreatham8d@addtoany.com,Female,11-09-2005,B-,Madhya Pradesh
1721ME01,Adda Joisce,India,ajoisce8e@instagram.com,Female,21-07-2011,A-,Andaman and Nicobar Islands
1721ME04,Hailey Pickaver,Indonesia,hpickaver8f@amazon.com,Male,06-01-2000,O+,Sikkim
1721ME05,Teodor Mangion,Sweden,tmangion8g@ucoz.ru,Male,18-01-2000,A+,Uttar Pradesh
1721ME09,Valene Sears,Indonesia,vsears8h@typepad.com,Female,09-08-2015,A-,Manipur
1721ME11,Jabez Wrighton,India,jwrighton8i@deviantart.com,Male,07-05-2000,A-,Andaman and Nicobar Islands
1721ME12,Vicki Gritten,Russia,vgritten8j@blogspot.com,Female,18-08-1999,O+,Manipur
1721MS02,Serge Bamber,Reunion,sbamber8k@prnewswire.com,Male,20-09-2020,B+,Maharashtra
1721MS04,Dukie Aizikowitz,United States,daizikowitz8l@live.com,Male,15-03-2013,O+,Punjab
1721MS05,Julee Dani,Libya,jdani8m@auda.org.au,Female,05-04-2018,O-,Madhya Pradesh
1721PH03,Sam Crassweller,India,scrassweller8n@weather.com,Male,30-11-2001,O-,Karnataka
1721PH04,Lidia Mordacai,India,lmordacai8o@flavors.me,Female,29-12-2014,AB+,Jharkhand
1721PH05,Jasun Stanfield,India,jstanfield8p@e-recht24.de,Male,14-11-2016,A-,West Bengal
1721PH06,Mikkel Peniman,Laos,mpeniman8q@odnoklassniki.ru,Male,21-02-2005,B-,Tripura
1721PH07,Maximilian Parrington,Uzbekistan,mparrington8r@timesonline.co.uk,Male,02-03-1999,O+,Telangana
1721PH08,Helli Rapps,Brazil,hrapps8s@irs.gov,Female,10-02-2008,AB-,Madhya Pradesh
1721PH09,Wayne Burdas,India,wburdas8t@rambler.ru,Male,26-07-1999,AB-,Odisha
1721PH10,Elliott Goman,France,egoman8u@instagram.com,Male,22-02-2018,A+,Delhi
1721PH12,Iosep Piercy,Russia,ipiercy8v@utexas.edu,Male,10-08-2020,AB+,Meghalaya
1721PH13,Marnia St. Pierre,India,mst8w@usa.gov,Female,27-07-2010,O+,Daman and Diu
174_Spouse,Brittaney Beyer,Colombia,bbeyer8x@mozilla.com,Female,03-01-2019,AB+,Karnataka
17PS06,El Ablett,Honduras,eablett8y@java.com,Male,23-10-2008,O+,Maharashtra
17PS07,Consuelo Redhole,Philippines,credhole8z@microsoft.com,Female,11-12-2004,A-,Lakshadweep
1801CAN23,Mildrid Seabert,Poland,mseabert90@bloglovin.com,Female,25-05-2015,B+,Haryana
1801CB03,Kakalina Woonton,Thailand,kwoonton91@home.pl,Female,31-10-1998,B-,Assam
1801CB04,Hanni Asche,Poland,hasche92@wp.com,Female,12-07-2017,O-,Rajasthan
1801CB05,Bond Draude,Bulgaria,bdraude93@wikispaces.com,Male,28-11-2013,AB+,Goa
1801CB07,Joceline Shippard,Indonesia,jshippard94@mlb.com,Female,21-12-2010,B+,Dadra and Nagar Haveli
1801CB09,Binky Templeton,India,btempleton95@elegantthemes.com,Male,03-10-2015,B-,Odisha
1801CB10,Veda Tilliard,Armenia,vtilliard96@engadget.com,Female,17-10-2013,B+,Odisha
1801CB11,Preston Quemby,Portugal,pquemby97@feedburner.com,Male,27-02-2015,A-,Jharkhand
1801CB12,Bartholomeus Abrashkov,Peru,babrashkov98@wp.com,Male,12-02-2017,A+,Jammu and Kashmir
1801CB14,Jacklyn Teissier,India,jteissier99@google.pl,Female,04-02-2014,AB-,Karnataka
1801CB15,Alfonse Tacker,Sweden,atacker9a@joomla.org,Male,03-04-2020,AB+,West Bengal
1801CB16,Bernetta Bollom,Bulgaria,bbollom9b@miibeian.gov.cn,Female,19-09-2016,AB+,Madhya Pradesh
1801CB17,Aurelia Bilham,Indonesia,abilham9c@tinyurl.com,Female,05-09-2012,B-,Goa
1801CB18,Hal Adanet,Indonesia,hadanet9d@tiny.cc,Male,04-10-2009,O+,Jammu and Kashmir
1801CB19,Haley Szymanzyk,India,hszymanzyk9e@dailymail.co.uk,Female,10-12-2014,AB+,Karnataka
1801CB20,Albert Petworth,Indonesia,apetworth9f@mit.edu,Male,12-02-2006,AB+,Rajasthan
1801CB21,Mariellen Geale,Russia,mgeale9g@diigo.com,Female,05-11-2016,B-,Odisha
1801CB22,Fonsie Schultes,Vietnam,fschultes9h@webs.com,Male,06-06-2000,B+,Andaman and Nicobar Islands
1801CB23,Catlin Riddett,Portugal,criddett9i@t.co,Female,28-01-2013,O+,Rajasthan
1801CB24,Mannie Pittford,India,mpittford9j@wikia.com,Male,04-10-2014,O-,West Bengal
1801CB25,Rooney Semrad,Brazil,rsemrad9k@prlog.org,Male,18-12-2005,A-,Jharkhand
1801CB27,Candice Sawley,Luxembourg,csawley9l@paypal.com,Female,12-11-1999,O+,Delhi
1801CB28,Dore Stegers,United States,dstegers9m@bbc.co.uk,Male,19-11-1998,A+,Mizoram
1801CB30,Jordan Barnewall,Russia,jbarnewall9n@friendfeed.com,Male,02-03-2000,A+,Punjab
1801CE01,Ignaz Dolan,Russia,idolan9o@boston.com,Male,17-06-2013,AB-,Odisha
1801CE02,Anthea McElwee,Canada,amcelwee9p@amazon.co.jp,Female,23-10-2010,O-,Manipur
1801CE03,Maureene Fullylove,Japan,mfullylove9q@huffingtonpost.com,Female,11-10-2004,AB+,Rajasthan
1801CE04,Nina Charnock,Thailand,ncharnock9r@google.co.jp,Female,23-12-2009,AB+,Arunachal Pradesh
1801CE05,Shurlock Maund,United States,smaund9s@hud.gov,Male,01-10-2020,A-,Haryana
1801CE06,Hedy Mealing,Poland,hmealing9t@narod.ru,Female,07-06-2018,O+,Gujarat
1801CE07,Gilles Grimwad,Poland,ggrimwad9u@oaic.gov.au,Male,01-04-2005,AB-,Tamil Nadu
1801CE08,Helge FitzGeorge,Albania,hfitzgeorge9v@ustream.tv,Female,07-10-2009,A+,Chhattisgarh
1801CE09,Tiffy Conybear,India,tconybear9w@paginegialle.it,Female,03-03-2014,O-,Uttarakhand
1801CE10,Earle Huxster,Sweden,ehuxster9x@bigcartel.com,Male,20-12-2003,O-,Chandigarh
1801CE13,Josi Ankrett,Indonesia,jankrett9y@nhs.uk,Female,14-11-1999,O-,Chhattisgarh
1801CE14,Martica Brennan,Russia,mbrennan9z@woothemes.com,Female,14-03-2013,B-,Uttarakhand
1801CE15,Nessa Scaife,Brazil,nscaifea0@alibaba.com,Female,21-02-2019,AB+,Sikkim
1801CE16,Shaun Worssam,United Kingdom,sworssama1@sohu.com,Male,22-06-2012,B-,Gujarat
1801CE17,Hayden Dunckley,Poland,hdunckleya2@flickr.com,Male,05-09-2009,A-,Chandigarh
1801CE18,Wiatt Hotson,Yemen,whotsona3@cnn.com,Male,04-04-2009,A-,Chhattisgarh
1801CE20,Linette Howse,United Arab Emirates,lhowsea4@globo.com,Female,29-10-2000,O-,Maharashtra
1801CE21,Brander Muress,India,bmuressa5@google.it,Male,29-10-2007,O-,Gujarat
1801CE22,Yves Bawdon,Brazil,ybawdona6@nps.gov,Male,19-06-2010,O+,Sikkim
1801CE24,Jason Slora,Greece,jsloraa7@salon.com,Male,23-12-2010,AB-,Maharashtra
1801CE25,Clerkclaude Demkowicz,India,cdemkowicza8@twitpic.com,Male,21-01-2015,A+,Uttar Pradesh
1801CE26,Glenna Davydochkin,India,gdavydochkina9@accuweather.com,Female,02-05-2019,O-,Tamil Nadu
1801CE27,Zolly Fincke,Indonesia,zfinckeaa@hao123.com,Male,04-09-2005,A+,Jharkhand
1801CE28,Doralynne Fogel,Sweden,dfogelab@whitehouse.gov,Female,10-12-2003,B-,Chhattisgarh
1801CE29,Adolph Sherratt,India,asherrattac@mozilla.org,Male,01-09-2003,O-,Uttarakhand
1801CE30,Elna Serman,Zimbabwe,esermanad@chronoengine.com,Female,13-12-2007,B-,Punjab
1801CE31,Stanleigh Pales,Poland,spalesae@apache.org,Male,15-08-2015,AB+,Tamil Nadu
1801CE32,Matthaeus Euesden,India,meuesdenaf@multiply.com,Male,22-11-2009,AB-,Andaman and Nicobar Islands
1801CS01,Pia McAndrew,Brazil,pmcandrewag@cisco.com,Female,14-07-2009,O-,Lakshadweep
1801CS02,Drew Imesson,Russia,dimessonah@taobao.com,Male,27-06-2002,B+,Andaman and Nicobar Islands
1801CS03,Yardley Serot,Venezuela,yserotai@microsoft.com,Male,16-02-2011,AB+,Punjab
1801CS04,Rina Pierrepoint,India,rpierrepointaj@ft.com,Female,24-12-1998,O+,Bihar
1801CS05,Joey Nitti,Peru,jnittiak@fc2.com,Female,18-04-2014,B+,Assam
1801CS06,Delphine Skerrett,Sweden,dskerrettal@indiegogo.com,Female,31-10-2015,A-,Andhra Pradesh
1801CS07,Lucho Mattosoff,Armenia,lmattosoffam@friendfeed.com,Male,04-01-2005,A-,Gujarat
1801CS08,Ardelia Abela,Indonesia,aabelaan@ft.com,Female,05-01-2016,O+,Sikkim
1801CS09,Nev Ayrs,Sweden,nayrsao@newyorker.com,Male,23-01-2007,B+,Daman and Diu
1801CS10,Hatty Ybarra,Bhutan,hybarraap@vistaprint.com,Female,18-03-2011,A-,Delhi
1801CS11,Maurie Nesbitt,Peru,mnesbittaq@discuz.net,Male,20-07-2004,O-,Himachal Pradesh
1801CS12,Kelcy Moukes,Russia,kmoukesar@hhs.gov,Female,20-02-2020,AB+,Jharkhand
1801CS13,Fidel Knoton,Russia,fknotonas@icio.us,Male,28-08-2015,O-,Puducherry
1801CS14,Elmore Hazeltine,Egypt,ehazeltineat@craigslist.org,Male,23-10-2001,A+,Punjab
1801CS15,Alberto Siccombe,Colombia,asiccombeau@psu.edu,Male,15-07-2008,A+,Goa
1801CS16,Bordie Pettman,Norway,bpettmanav@naver.com,Male,22-02-1999,B-,Chandigarh
1801CS17,Rufus Agronski,India,ragronskiaw@vinaora.com,Male,09-06-2000,AB+,Karnataka
1801CS18,Katrinka Brotherton,Panama,kbrothertonax@yandex.ru,Female,26-06-2003,A-,Goa
1801CS19,Elisa Corzor,Ukraine,ecorzoray@bing.com,Female,25-03-1999,B+,Mizoram
1801CS20,Gordy Vian,Brazil,gvianaz@wikia.com,Male,13-05-2006,O+,Chandigarh
1801CS21,Liesa Patience,Indonesia,lpatienceb0@eepurl.com,Female,20-04-2014,AB-,Meghalaya
1801CS22,Lanie Rospars,India,lrosparsb1@purevolume.com,Male,14-04-2006,O-,Kerala
1801CS23,Gates Van Hesteren,Philippines,gvanb2@walmart.com,Female,01-09-2017,B-,Arunachal Pradesh
1801CS24,Ally Winkett,Italy,awinkettb3@angelfire.com,Female,20-09-2001,AB-,Himachal Pradesh
1801CS25,Torey Cheston,France,tchestonb4@jalbum.net,Female,03-09-2009,O+,Jammu and Kashmir
1801CS26,Barney Duny,India,bdunyb5@state.tx.us,Male,05-08-2009,AB-,Arunachal Pradesh
1801CS27,Claresta Hun,Sri Lanka,chunb6@wordpress.org,Female,02-02-2012,O+,Nagaland
1801CS28,Ruperto Mallinar,Russia,rmallinarb7@google.com.hk,Male,27-03-2000,O+,Assam
1801CS29,Heriberto Scoular,Serbia,hscoularb8@economist.com,Male,19-09-2011,A+,Puducherry
1801CS30,Leona Cowmeadow,India,lcowmeadowb9@prweb.com,Female,08-01-2003,B+,Manipur
1801CS31,Brana Bulger,Poland,bbulgerba@google.ru,Female,26-08-2007,AB+,Chhattisgarh
1801CS32,Noble Sylett,Czech Republic,nsylettbb@1und1.de,Male,11-10-2000,O+,Jharkhand
1801CS33,Lon Furmston,Indonesia,lfurmstonbc@google.de,Male,28-11-2015,A+,Kerala
1801CS34,Kassie Minshall,Kazakhstan,kminshallbd@bluehost.com,Female,12-02-2010,AB+,Puducherry
1801CS35,Leonidas Band,France,lbandbe@behance.net,Male,18-08-2015,AB+,Rajasthan
1801CS36,Crista Tweddle,Serbia,ctweddlebf@google.it,Female,24-12-2007,O+,Daman and Diu
1801CS37,Ginny Dominik,Indonesia,gdominikbg@ask.com,Female,24-04-2019,AB-,Goa
1801CS38,Tallie Lohrensen,India,tlohrensenbh@shareasale.com,Male,12-03-2016,O+,Meghalaya
1801CS39,Egan Ashling,Poland,eashlingbi@wordpress.com,Male,24-08-2016,B+,Jharkhand
1801CS40,Daniela Torry,Brazil,dtorrybj@purevolume.com,Female,21-08-2019,O-,Tamil Nadu
1801CS41,Dasha Neggrini,Philippines,dneggrinibk@nhs.uk,Female,09-08-2019,O+,Sikkim
1801CS42,Sutherland Eskrick,Cuba,seskrickbl@issuu.com,Male,06-02-2002,B-,Bihar
1801CS43,Sarena Sycamore,Mexico,ssycamorebm@nsw.gov.au,Female,31-03-2007,O+,Nagaland
1801CS44,Devy Haggidon,Mexico,dhaggidonbn@angelfire.com,Male,18-02-2008,B+,Nagaland
1801CS45,Adriena Topes,New Zealand,atopesbo@photobucket.com,Female,23-03-2015,O+,Jharkhand
1801CS46,Jarred Harsnipe,Mauritius,jharsnipebp@typepad.com,Male,27-11-2002,B-,Uttar Pradesh
1801CS47,Auria Bonner,Indonesia,abonnerbq@auda.org.au,Female,18-08-2012,B-,Madhya Pradesh
1801CS48,Karola Boriston,Indonesia,kboristonbr@soup.io,Female,23-12-2008,O-,Nagaland
1801CS49,Cull Matousek,Madagascar,cmatousekbs@simplemachines.org,Male,21-02-2015,AB+,Jammu and Kashmir
1801CS50,Cross Whyffen,Ukraine,cwhyffenbt@yale.edu,Male,07-09-2014,AB-,Chhattisgarh
1801CS51,Kassandra Sline,Bulgaria,kslinebu@vk.com,Female,26-09-2010,B-,Chandigarh
1801CS52,Robinette Dwine,Brazil,rdwinebv@addthis.com,Female,10-05-2015,AB+,Puducherry
1801CS53,Vonny Canfer,Colombia,vcanferbw@reverbnation.com,Female,22-09-2016,O-,Sikkim
1801CS54,Ripley Edkins,Indonesia,redkinsbx@cnn.com,Male,23-08-2008,B-,Mizoram
1801CS55,Pammi Doddrell,Netherlands,pdoddrellby@histats.com,Female,24-09-2015,AB-,Assam
1801CS56,Worth Bendare,Philippines,wbendarebz@nydailynews.com,Male,28-09-2020,B-,Lakshadweep
1801CS57,Zebulon Arrighini,Iran,zarrighinic0@umich.edu,Male,07-10-2007,AB+,Chandigarh
1801CS58,Merissa Corsar,Sweden,mcorsarc1@google.com.au,Female,26-03-2014,AB+,Himachal Pradesh
1801CS59,Tilly Gibby,India,tgibbyc2@google.fr,Female,02-07-2015,O-,Karnataka
1801CS60,Pete Haycroft,Portugal,phaycroftc3@ehow.com,Male,03-06-2013,AB-,Karnataka
1801CS61,Benn Belfit,India,bbelfitc4@pinterest.com,Male,30-04-2019,B-,Arunachal Pradesh
1801CS62,Papageno Powis,Portugal,ppowisc5@arizona.edu,Male,30-01-2012,B-,Himachal Pradesh
1801CS63,Delora Sunock,Nigeria,dsunockc6@ftc.gov,Female,08-09-2007,B-,Meghalaya
1801CS64,Eugenius Drinnan,India,edrinnanc7@linkedin.com,Male,18-05-2011,B+,Andaman and Nicobar Islands
1801CS65,Sharai Tomasino,Sweden,stomasinoc8@guardian.co.uk,Female,29-02-2020,A-,Rajasthan
1801CS66,Avram Goodings,Brazil,agoodingsc9@vk.com,Male,07-08-2009,B-,Jammu and Kashmir
1801CS67,Shurlock Richemont,Mexico,srichemontca@simplemachines.org,Male,08-11-2001,AB+,Kerala
1801CS68,Perren Weaving,Poland,pweavingcb@addtoany.com,Male,15-01-2002,B+,Tripura
1801CS69,Annamarie Mault,Philippines,amaultcc@taobao.com,Female,05-07-2000,A+,Himachal Pradesh
1801EE01,Rafferty Pridham,Mexico,rpridhamcd@ucla.edu,Male,04-07-2019,B-,Punjab
1801EE02,Chas Frend,Israel,cfrendce@elegantthemes.com,Male,19-10-2000,A-,Puducherry
1801EE03,Cherey Epine,Philippines,cepinecf@gmpg.org,Female,05-10-2008,A+,Mizoram
1801EE04,Tomi Bullar,Bangladesh,tbullarcg@t-online.de,Female,16-04-2016,AB+,Delhi
1801EE06,Zack Tunder,India,ztunderch@cnn.com,Male,09-09-2019,B+,Karnataka
1801EE07,Devina Obal,India,dobalci@gizmodo.com,Female,11-03-2013,AB+,Himachal Pradesh
1801EE08,Amabelle Mogford,India,amogfordcj@google.ca,Female,04-12-1998,AB-,Madhya Pradesh
1801EE09,Lorelle Gwatkins,Venezuela,lgwatkinsck@google.com,Female,20-06-2020,AB-,Lakshadweep
1801EE10,Phillis Silverson,Sweden,psilversoncl@hostgator.com,Female,05-06-2008,A+,Telangana
1801EE12,Lorena Peirazzi,India,lpeirazzicm@bandcamp.com,Female,30-04-2018,AB-,Dadra and Nagar Haveli
1801EE13,Judye Titherington,Mauritius,jtitheringtoncn@answers.com,Female,08-08-2019,B+,Mizoram
1801EE14,Brenda Reagan,Indonesia,breaganco@npr.org,Female,11-10-2004,AB+,Dadra and Nagar Haveli
1801EE15,Euphemia Deinert,Russia,edeinertcp@geocities.jp,Female,04-06-2005,AB-,West Bengal
1801EE16,Rachael Bampkin,Reunion,rbampkincq@cargocollective.com,Female,22-11-2013,AB+,Chandigarh
1801EE17,Hyacinthia Greensted,Philippines,hgreenstedcr@nhs.uk,Female,17-11-2003,AB-,Jammu and Kashmir
1801EE19,Waite Aishford,Ivory Coast,waishfordcs@webs.com,Male,21-11-2003,O+,Nagaland
1801EE20,Gerek Nicholls,Germany,gnichollsct@India.com.cn,Male,27-06-2013,AB-,Gujarat
1801EE21,Ansell Littlejohns,Portugal,alittlejohnscu@blogs.com,Male,05-04-2011,B+,Haryana
1801EE22,Gaby Hayesman,France,ghayesmancv@wunderground.com,Female,14-03-2008,A-,Lakshadweep
1801EE23,Kelley Attewill,India,kattewillcw@homestead.com,Female,07-05-2003,O+,West Bengal
1801EE24,Fedora Credland,Indonesia,fcredlandcx@naver.com,Female,05-01-2019,AB-,Maharashtra
1801EE25,Belia Dight,Madagascar,bdightcy@harvard.edu,Female,19-05-2001,A-,Gujarat
1801EE26,Dulcy Lampkin,Finland,dlampkincz@wsj.com,Female,16-07-2000,AB+,Assam
1801EE27,Sidoney Moffat,India,smoffatd0@nsw.gov.au,Female,28-07-2015,O-,Daman and Diu
1801EE28,Evangelina Barr,Japan,ebarrd1@ucsd.edu,Female,30-12-1999,O+,Uttarakhand
1801EE29,Galina Paler,Sierra Leone,gpalerd2@gnu.org,Female,04-06-2008,O-,Tripura
1801EE30,Carmon Rubrow,Indonesia,crubrowd3@360.cn,Female,29-07-2003,A+,Himachal Pradesh
1801EE31,Aubert Suermeiers,Russia,asuermeiersd4@ezinearticles.com,Male,03-04-2010,A+,Uttarakhand
1801EE32,Ludovico Scutter,Indonesia,lscutterd5@over-blog.com,Male,05-07-2010,B+,Karnataka
1801EE33,Winne Hanbidge,Indonesia,whanbidged6@issuu.com,Female,04-08-2010,O+,Meghalaya
1801EE34,Niall Mechan,Philippines,nmechand7@weibo.com,Male,10-09-2003,A+,Himachal Pradesh
1801EE36,Raimund Juanico,India,rjuanicod8@salon.com,Male,08-03-2001,A-,Telangana
1801EE37,Gothart Lycett,Czech Republic,glycettd9@newsvine.com,Male,04-08-2003,AB-,Sikkim
1801EE38,Marice Mocker,Poland,mmockerda@nature.com,Female,29-05-2017,AB-,Uttarakhand
1801EE40,Gennifer Dronsfield,Vietnam,gdronsfielddb@mayoclinic.com,Female,15-09-2015,B-,Arunachal Pradesh
1801EE41,Feliza McHan,Philippines,fmchandc@spiegel.de,Female,12-05-2012,A-,Himachal Pradesh
1801EE42,Brent O'Gaven,Spain,bogavendd@zdnet.com,Male,21-02-2014,A+,Odisha
1801EE43,Babita Whitelaw,Philippines,bwhitelawde@nih.gov,Female,12-08-2018,B+,Punjab
1801EE44,Graig Aronoff,India,garonoffdf@goo.ne.jp,Male,06-01-2007,O+,Bihar
1801EE45,Rand Golston,Portugal,rgolstondg@toplist.cz,Male,12-07-2014,AB+,Puducherry
1801EE48,Kalinda Spurnier,Armenia,kspurnierdh@people.com.cn,Female,14-08-2012,A-,Nagaland
1801EE50,Kerrie Suatt,Russia,ksuattdi@europa.eu,Female,21-03-2009,O-,Manipur
1801EE51,Oates Ardley,Russia,oardleydj@ibm.com,Male,14-04-2019,O-,Haryana
1801EE52,Devy Carlo,Indonesia,dcarlodk@mac.com,Male,13-05-2015,O+,Goa
1801EE53,Maxim Antcliff,Brazil,mantcliffdl@goo.gl,Male,27-07-2011,B+,Delhi
1801EE54,Willette O'Sherrin,Myanmar,wosherrindm@opensource.org,Female,15-01-2000,A-,Uttarakhand
1801EE55,Jana Kayes,Russia,jkayesdn@com.com,Female,07-06-2020,O+,Maharashtra
1801EE56,Rickie Castagnasso,Brazil,rcastagnassodo@intel.com,Male,11-08-1999,O-,Goa
1801EE57,Regan Werny,Ethiopia,rwernydp@geocities.jp,Female,28-09-2007,A+,Jharkhand
1801EE58,Darda Wynch,India,dwynchdq@nsw.gov.au,Female,31-08-2007,B+,Assam
1801EE60,Steve Timlett,India,stimlettdr@theglobeandmail.com,Male,13-03-2007,B+,Tripura
1801EE62,Allyson Provost,Poland,aprovostds@seesaa.net,Female,19-07-2005,O-,Daman and Diu
1801EE63,Ignacio Bukowski,France,ibukowskidt@miitbeian.gov.cn,Male,12-03-2009,AB+,Assam
1801EE64,Odette MacShirrie,Peru,omacshirriedu@tinyurl.com,Female,16-06-2006,O+,Tripura
1801EE65,Latrena Casone,Ukraine,lcasonedv@globo.com,Female,19-05-2017,O-,Kerala
1801EE66,Jeni Anfossi,Israel,janfossidw@thetimes.co.uk,Female,10-12-2007,AB+,Uttarakhand
1801EE67,Felisha Torbet,Lithuania,ftorbetdx@nifty.com,Female,06-07-2016,O+,Tamil Nadu
1801EE68,Earlie Dormon,India,edormondy@theatlantic.com,Male,22-09-2002,B+,Odisha
1801EE69,Lane Housbey,India,lhousbeydz@yandex.ru,Male,21-09-2014,O+,Maharashtra
1801ME01,Rowan Spurritt,India,rspurritte0@elpais.com,Male,11-07-2020,AB-,Himachal Pradesh
1801ME03,Eugenio Howells,India,ehowellse1@barnesandnoble.com,Male,23-07-2011,O-,Lakshadweep
1801ME04,Gerome Haffard,Ukraine,ghaffarde2@shinystat.com,Male,09-06-2013,A-,Arunachal Pradesh
1801ME05,Natalina MacScherie,India,nmacscheriee3@list-manage.com,Female,13-09-2005,A-,Assam
1801ME06,Belinda Murrell,Armenia,bmurrelle4@java.com,Female,15-12-2008,A-,Rajasthan
1801ME07,Bevin Binyon,Philippines,bbinyone5@google.ru,Male,26-05-2011,O-,Chandigarh
1801ME08,Ignatius Krause,Italy,ikrausee6@ustream.tv,Male,21-06-2005,B+,Telangana
1801ME09,Gerry Yarnton,Indonesia,gyarntone7@independent.co.uk,Female,19-07-2000,AB-,Dadra and Nagar Haveli
1801ME11,Vachel Standish-Brooks,Poland,vstandishbrookse8@about.com,Male,13-04-2019,A-,Manipur
1801ME12,Dody Sawforde,Philippines,dsawfordee9@topsy.com,Female,08-06-2011,B-,Kerala
1801ME13,Lauree Folini,India,lfoliniea@gizmodo.com,Female,01-05-2005,AB+,Karnataka
1801ME14,Standford Sewards,Japan,ssewardseb@mapquest.com,Male,12-08-2002,O-,Arunachal Pradesh
1801ME15,Tommy Wychard,Japan,twychardec@fc2.com,Female,30-12-2004,A+,Daman and Diu
1801ME16,Brittney Keiley,Philippines,bkeileyed@ehow.com,Female,29-09-2004,A-,Jharkhand
1801ME18,Ira Burnitt,India,iburnittee@google.com.br,Female,16-07-2014,A+,Kerala
1801ME19,Iver McWard,Palestinian Territory,imcwardef@people.com.cn,Male,20-05-2008,B-,Tripura
1801ME20,Quinta Stanborough,Indonesia,qstanborougheg@ustream.tv,Female,26-07-2020,AB-,Kerala
1801ME21,Lucio Mell,Venezuela,lmelleh@amazon.de,Male,04-07-2004,B-,Delhi
1801ME22,Tamar Auguste,Indonesia,taugusteei@ebay.com,Female,21-08-2008,AB-,Chhattisgarh
1801ME23,Talyah Millican,Czech Republic,tmillicanej@printfriendly.com,Female,29-06-2017,AB+,Uttar Pradesh
1801ME24,Evvy Gillow,Colombia,egillowek@csmonitor.com,Female,06-01-2005,O+,Goa
1801ME25,Chrissie Raspison,Indonesia,craspisonel@blogtalkradio.com,Female,25-02-2016,AB-,Arunachal Pradesh
1801ME26,Myrtle Rozenbaum,India,mrozenbaumem@feedburner.com,Female,25-11-2013,A-,Puducherry
1801ME27,Noam Danskine,Indonesia,ndanskineen@yellowpages.com,Male,06-11-1999,A-,Jammu and Kashmir
1801ME28,Angelita Dismore,Ukraine,adismoreeo@upenn.edu,Female,17-03-2010,AB-,Madhya Pradesh
1801ME30,Kessiah Cuckson,Ukraine,kcucksonep@webmd.com,Female,20-10-2010,AB+,Jammu and Kashmir
1801ME32,Flore Chainey,India,fchaineyeq@scribd.com,Female,23-08-2015,AB-,Bihar
1801ME34,Schuyler Dilkes,Luxembourg,sdilkeser@networksolutions.com,Male,25-03-2016,AB-,Delhi
1801ME35,Darice Burne,Mexico,dburnees@tinypic.com,Female,30-12-2014,O-,Mizoram
1801ME37,Pauly Walshaw,Russia,pwalshawet@creativecommons.org,Female,09-01-2017,A+,Himachal Pradesh
1801ME38,Yance Heinz,India,yheinzeu@geocities.com,Male,11-08-2004,B-,Meghalaya
1801ME39,Carlie Zavittieri,Estonia,czavittieriev@surveymonkey.com,Male,30-12-2004,B-,Andhra Pradesh
1801ME40,Damita Ralton,Australia,draltonew@desdev.cn,Female,10-11-2014,B-,Puducherry
1801ME42,Hallsy Mc Dermid,Brazil,hmcex@livejournal.com,Male,23-01-2000,B-,Odisha
1801ME43,Toby Queenborough,Indonesia,tqueenboroughey@fema.gov,Male,25-07-2000,B-,Punjab
1801ME44,Rosina MacTeague,India,rmacteagueez@disqus.com,Female,07-04-2010,A+,Madhya Pradesh
1801ME45,Jodie Nunnerley,Uzbekistan,jnunnerleyf0@goo.ne.jp,Female,09-04-2011,B-,Andaman and Nicobar Islands
1801ME47,Aristotle Schleicher,Mongolia,aschleicherf1@123-reg.co.uk,Male,11-03-2012,O-,Chandigarh
1801ME48,Allegra Frake,Armenia,afrakef2@phpbb.com,Female,20-05-2018,A+,Telangana
1801ME49,Kristofer Eggins,Egypt,kegginsf3@google.com.hk,Male,08-02-2017,O-,Jharkhand
1801ME51,Concordia Davis,Vietnam,cdavisf4@geocities.jp,Female,30-10-2011,AB+,Himachal Pradesh
1801ME52,Neda Gilfillan,Portugal,ngilfillanf5@creativecommons.org,Female,19-04-2014,B+,Jammu and Kashmir
1801ME53,Georgianna Smallbone,Mali,gsmallbonef6@jimdo.com,Female,14-01-2003,AB-,Dadra and Nagar Haveli
1801ME55,Rebecca Traite,Dominican Republic,rtraitef7@wikipedia.org,Female,18-01-2011,O+,Telangana
1801ME56,Sheela Reinhardt,Indonesia,sreinhardtf8@google.nl,Female,04-12-2018,B-,Goa
1801ME57,Bernete Eidler,Indonesia,beidlerf9@a8.net,Female,17-03-2007,O-,West Bengal
1801ME58,Alida Raulstone,Kenya,araulstonefa@nyu.edu,Female,11-02-2003,A-,Madhya Pradesh
1801ME59,Naomi Ricardo,Indonesia,nricardofb@springer.com,Female,08-08-2016,A-,Kerala
1801ME60,Nicky Faughey,India,nfaugheyfc@ucsd.edu,Male,15-12-2011,A+,Bihar
1801ME61,Zared McQuirter,Philippines,zmcquirterfd@weather.com,Male,13-01-2003,A+,Tamil Nadu
1801ME62,Clementina Locker,India,clockerfe@so-net.ne.jp,Female,12-10-2002,O-,West Bengal
1801ME63,Cate Yurkov,Jordan,cyurkovff@cmu.edu,Female,13-05-2006,A-,Odisha
1801ME64,Yovonnda Kleinpeltz,Poland,ykleinpeltzfg@archive.org,Female,27-09-2006,B-,Puducherry
1801ME65,Claudina Robertot,India,crobertotfh@webeden.co.uk,Female,20-09-2020,A-,Rajasthan
180ME50,Hadria Everly,Philippines,heverlyfi@histats.com,Female,16-03-2015,O-,Jharkhand
1811CE01,Adriane Dossantos,Brazil,adossantosfj@washingtonpost.com,Female,03-04-2003,A-,Jammu and Kashmir
1811CE03,Rosene Scougal,India,rscougalfk@miibeian.gov.cn,Female,29-12-2005,O-,Arunachal Pradesh
1811CE08,Geoffrey Chern,India,gchernfl@clickbank.net,Male,01-01-2013,B+,Odisha
1811CE10,Lonni Nockolds,India,lnockoldsfm@webs.com,Female,29-04-2016,A-,Tamil Nadu
1811CE11,Philippine Balharry,India,pbalharryfn@vistaprint.com,Female,22-09-2014,A-,Telangana
1811CE12,Tamqrah Cottom,Afghanistan,tcottomfo@mediafire.com,Female,19-03-2003,O+,Kerala
1811CE13,Sebastiano Timmens,Bangladesh,stimmensfp@pbs.org,Male,29-11-2002,B+,Daman and Diu
1811CS01,Berkly Gashion,Finland,bgashionfq@123-reg.co.uk,Male,09-06-2001,B+,West Bengal
1811CS02,Beret Sivyer,Peru,bsivyerfr@nsw.gov.au,Female,12-06-2011,O-,Andaman and Nicobar Islands
1811CS03,Sharla Prose,United States,sprosefs@craigslist.org,Female,23-09-2007,B+,Gujarat
1811CS05,Barbie Southcott,Afghanistan,bsouthcottft@diigo.com,Female,16-02-2003,A+,Punjab
1811CS06,Edgar Rigard,Czech Republic,erigardfu@lycos.com,Male,13-02-2009,B-,Odisha
1811CS07,Abeu Verni,Vietnam,avernifv@mashable.com,Male,05-04-2019,B-,Lakshadweep
1811CS08,Annora Oxtaby,Portugal,aoxtabyfw@craigslist.org,Female,15-03-2020,B-,Maharashtra
1811CS09,Paten Scheu,Philippines,pscheufx@bandcamp.com,Male,14-10-2000,O-,West Bengal
1811CS10,Babb Ouldcott,New Zealand,bouldcottfy@ucla.edu,Female,08-01-2010,O-,Kerala
1811CS11,Ruthanne Starling,India,rstarlingfz@sohu.com,Female,02-03-2019,B+,Haryana
1811CS12,Virgina Wardhaugh,Mongolia,vwardhaughg0@wunderground.com,Female,22-07-2010,A-,Telangana
1811CS13,Forester Enston,India,fenstong1@msn.com,Male,14-10-2012,B+,Odisha
1811CS14,Ettore Megarry,Argentina,emegarryg2@washington.edu,Male,23-10-2012,B-,Kerala
1811CS15,Aila Carl,Canada,acarlg3@pinterest.com,Female,29-07-2011,B-,Nagaland
1811CS16,Lura Gebbe,Russia,lgebbeg4@oracle.com,Female,18-03-1999,AB+,Andaman and Nicobar Islands
1811CS17,Aurthur Brokenbrow,Mexico,abrokenbrowg5@go.com,Male,16-07-2004,A-,Puducherry
1811EE01,Hashim Fassmann,India,hfassmanng6@macromedia.com,Male,13-09-2006,B-,Tamil Nadu
1811EE02,Ad Ruecastle,Brazil,aruecastleg7@addthis.com,Male,16-12-1999,A-,Tripura
1811EE03,Ardra MacPeice,Nigeria,amacpeiceg8@who.int,Female,07-06-2005,AB+,Puducherry
1811EE05,Alanson Sanja,Philippines,asanjag9@zimbio.com,Male,26-01-2020,B-,Lakshadweep
1811EE06,Albert Duckers,Portugal,aduckersga@moonfruit.com,Male,11-10-2001,B+,Jammu and Kashmir
1811EE07,Kailey Kitchenside,Mayotte,kkitchensidegb@ft.com,Female,02-05-2015,O-,Dadra and Nagar Haveli
1811EE08,Augusta Scarth,India,ascarthgc@discovery.com,Female,16-01-2012,A+,Rajasthan
1811EE09,Normy Baiss,India,nbaissgd@twitter.com,Male,06-06-2006,B-,Madhya Pradesh
1811EE10,Ogdon Scotfurth,Russia,oscotfurthge@constantcontact.com,Male,14-09-2020,O+,Madhya Pradesh
1811EE11,Brent Hoxey,Bolivia,bhoxeygf@yandex.ru,Male,12-07-2005,A+,Tamil Nadu
1811EE12,Penni Gillice,Yemen,pgillicegg@npr.org,Female,17-03-2001,O-,Haryana
1811EE13,Blane Puden,Philippines,bpudengh@mapy.cz,Male,05-02-2016,A+,Himachal Pradesh
1811EE14,Nikki Padrick,Tanzania,npadrickgi@cbsnews.com,Male,12-10-2018,B+,Delhi
1811EE16,Geneva Kehri,Ukraine,gkehrigj@berkeley.edu,Female,17-05-1999,AB+,Meghalaya
1811EE17,Willey Ferriere,Gambia,wferrieregk@stanford.edu,Male,26-12-2018,B+,Mizoram
1811EE18,Priscilla Doogue,Portugal,pdooguegl@elegantthemes.com,Female,09-11-2009,B+,Telangana
1811EE19,Benoit Pactat,Brazil,bpactatgm@guardian.co.uk,Male,04-09-2010,B+,Delhi
1811EE20,Sheffie McAw,Czech Republic,smcawgn@illinois.edu,Male,06-11-2001,B+,Himachal Pradesh
1811EE21,Arline Ludovici,Croatia,aludovicigo@biglobe.ne.jp,Female,03-12-2012,B-,Jharkhand
1811MC01,Richart Pitblado,Russia,rpitbladogp@apple.com,Male,14-05-2006,A-,Karnataka
1811MC02,Damian Droghan,Philippines,ddroghangq@linkedin.com,Male,11-09-2019,A-,Uttar Pradesh
1811MC03,Win Poolman,Indonesia,wpoolmangr@seesaa.net,Male,21-04-2017,O+,Maharashtra
1811MC04,Cherish Stanner,Brazil,cstannergs@cmu.edu,Female,10-06-2017,A+,Manipur
1811MC05,Chet Frost,Peru,cfrostgt@apache.org,Male,24-06-2005,O+,Delhi
1811MC06,Kylynn Cussons,Central African Republic,kcussonsgu@vkontakte.ru,Female,18-01-2011,B+,Mizoram
1811MC07,Berta Edgin,Sweden,bedgingv@fotki.com,Female,06-10-2012,A-,Tamil Nadu
1811MC08,Maybelle Collier,Indonesia,mcolliergw@instagram.com,Female,24-06-2013,B+,Chandigarh
1811MC10,Micki Greatbank,Philippines,mgreatbankgx@mapy.cz,Female,21-01-2000,A+,Assam
1811MC11,Buddy O'Crowley,Indonesia,bocrowleygy@ucoz.ru,Male,28-02-2018,B+,Andaman and Nicobar Islands
1811MC12,Jake Lucia,Bulgaria,jluciagz@indiatimes.com,Male,30-09-2010,A+,Andaman and Nicobar Islands
1811MC13,Nellie Curling,Bosnia and Herzegovina,ncurlingh0@npr.org,Female,02-07-2018,A-,Madhya Pradesh
1811ME01,Roth Dunkley,Syria,rdunkleyh1@last.fm,Male,10-05-2016,O-,Dadra and Nagar Haveli
1811ME02,Park Burstow,Colombia,pburstowh2@dagondesign.com,Male,05-05-2016,O-,Kerala
1811ME06,Amberly Bradbrook,Indonesia,abradbrookh3@twitpic.com,Female,28-01-2017,A-,Uttar Pradesh
1811ME07,Lorrin Cardenoza,Ireland,lcardenozah4@bing.com,Female,28-11-1998,AB-,Uttarakhand
1811ME08,Winn Secker,Russia,wseckerh5@vkontakte.ru,Male,15-01-2003,AB+,Nagaland
1811ME09,Kathlin Dovinson,Russia,kdovinsonh6@umich.edu,Female,05-07-2016,B+,Karnataka
1811ME10,Janetta Ker,Poland,jkerh7@howstuffworks.com,Female,21-05-2001,AB+,Tripura
1811ME11,Adena Chatres,France,achatresh8@networksolutions.com,Female,15-08-2015,A+,Tripura
1811MS01,Finley Billion,Portugal,fbillionh9@zimbio.com,Male,06-05-2010,AB+,Haryana
1811MS02,Isador Caven,Indonesia,icavenha@networkadvertising.org,Male,24-04-2000,B-,Bihar
1811MS03,Art Gorse,Portugal,agorsehb@parallels.com,Male,27-04-2000,AB-,Dadra and Nagar Haveli
1811MS04,Ferdinande Smithson,Portugal,fsmithsonhc@stumbleupon.com,Female,27-02-2003,B-,Gujarat
1811MS05,Klement Patnelli,India,kpatnellihd@123-reg.co.uk,Male,15-02-2014,B-,Gujarat
1811MS06,Philis Huskisson,Sweden,phuskissonhe@yandex.ru,Female,21-11-2008,O+,Odisha
1811MS07,Alidia Olivet,India,aolivethf@spotify.com,Female,18-06-2005,AB-,Arunachal Pradesh
1811MS08,Addi Caw,Argentina,acawhg@tinypic.com,Female,09-03-2007,O+,Uttarakhand
1811MS0810,Doria Janicek,Estonia,djanicekhh@jigsy.com,Female,25-05-2001,B+,Nagaland
1811MS09,Pippy Margiotta,Japan,pmargiottahi@globo.com,Female,28-04-2005,AB-,Mizoram
1811MT02,Rudolfo Jouhandeau,Luxembourg,rjouhandeauhj@cdbaby.com,Male,24-12-2004,A+,Uttarakhand
1811MT03,Riley Rraundl,India,rrraundlhk@ftc.gov,Male,14-08-2017,B-,Delhi
1811MT04,Hyacintha Ketton,South Africa,hkettonhl@wunderground.com,Female,07-12-2015,B+,Uttarakhand
1811MT05,Grazia Ibbs,Turkey,gibbshm@weibo.com,Female,11-03-2012,A+,Rajasthan
1811MT06,Kimball Golt,Tanzania,kgolthn@sohu.com,Male,26-11-2019,O+,Kerala
1811MT08,Haskel Laurance,India,hlauranceho@blogs.com,Male,19-12-2003,A-,Dadra and Nagar Haveli
1811MT09,Isidro Greenalf,Argentina,igreenalfhp@hp.com,Male,02-12-2000,AB-,Andhra Pradesh
1811MT10,Alaine Bess,Yemen,abesshq@yahoo.co.jp,Female,22-03-2009,B-,Sikkim
1811MT12,Chanda Bockmaster,North Korea,cbockmasterhr@netscape.com,Female,19-07-2011,O+,Chandigarh
1811MT14,Kristofer Beckford,Indonesia,kbeckfordhs@weebly.com,Male,28-07-2008,O+,Tripura
1811MT15,Bronson Bastistini,Brazil,bbastistiniht@sina.com.cn,Male,27-03-2008,B-,Arunachal Pradesh
1811NT01,Myrvyn Smartman,France,msmartmanhu@google.com,Male,29-06-2002,O+,Odisha
1811NT02,Erich Briatt,Albania,ebriatthv@typepad.com,Male,16-04-2019,A+,Bihar
1811NT03,Wolfie Shapter,France,wshapterhw@exblog.jp,Male,23-04-2016,O-,Haryana
1811NT04,Vi Bridgnell,Niger,vbridgnellhx@webs.com,Female,28-06-2011,A-,Meghalaya
1811NT05,Teddy Chippindale,Philippines,tchippindalehy@mozilla.com,Male,17-10-2010,O+,Haryana
1811NT06,Bill Eagland,India,beaglandhz@sourceforge.net,Male,07-05-2005,AB-,Punjab
1811NT07,Gay Rewbottom,Brazil,grewbottomi0@cafepress.com,Male,23-06-2009,O-,Kerala
1811NT08,Isidora Ratazzi,Sweden,iratazzii1@europa.eu,Female,29-09-2000,A-,Goa
1811NT09,Eloise Merner,Colombia,emerneri2@unblog.fr,Female,26-11-2011,B+,Delhi
1811NT11,Lee Gaveltone,Japan,lgaveltonei3@google.co.uk,Female,19-08-2006,A-,West Bengal
1812CH01,Chico Twittey,Russia,ctwitteyi4@chicagotribune.com,Male,19-01-2011,A+,Jammu and Kashmir
1812CH04,Morganica Carville,India,mcarvillei5@jimdo.com,Female,01-02-2016,B+,Andhra Pradesh
1812CH05,Kaleena Oldridge,India,koldridgei6@hhs.gov,Female,19-09-2005,O+,West Bengal
1812CH06,Merry Sheivels,India,msheivelsi7@t.co,Male,22-03-2003,A+,Maharashtra
1812CH07,Bevin Fynn,Sweden,bfynni8@linkedin.com,Male,28-03-2003,AB-,Jharkhand
1812CH09,Jerrie Van der Daal,Malaysia,jvani9@cisco.com,Male,30-06-2018,O+,Haryana
1812CH10,Clarita Szach,India,cszachia@jimdo.com,Female,05-03-2011,B-,Manipur
1812CH11,Currie Voysey,Russia,cvoyseyib@netscape.com,Male,11-02-2005,O+,Nagaland
1812CH13,Morse Fehners,United States,mfehnersic@nasa.gov,Male,13-06-2006,O+,Sikkim
1812CH14,Gaven Cudiff,Japan,gcudiffid@webeden.co.uk,Male,03-04-1999,AB+,Goa
1812MA01,Price Cutill,India,pcutillie@spotify.com,Male,30-10-2017,A-,Mizoram
1812MA02,Gayelord Daddow,India,gdaddowif@senate.gov,Male,13-10-2006,B+,Chandigarh
1812MA03,Brand Easman,India,beasmanig@free.fr,Male,25-02-2017,A-,Kerala
1812MA04,Shay Grizard,India,sgrizardih@networksolutions.com,Female,17-10-2003,A-,Jharkhand
1812MA05,Katina Mouland,Czech Republic,kmoulandii@columbia.edu,Female,22-08-2015,AB-,Punjab
1812MA06,Caryn Grist,Philippines,cgristij@irs.gov,Female,06-03-2010,O+,Manipur
1812MA07,Phillida Woodhams,Philippines,pwoodhamsik@latimes.com,Female,13-10-2001,O-,Punjab
1812MA08,Darsie Roggieri,Venezuela,droggieriil@addtoany.com,Female,16-10-2008,AB-,Uttar Pradesh
1812MA09,Phyllida Pylkynyton,Russia,ppylkynytonim@zdnet.com,Female,07-07-2010,A+,Jharkhand
1812MA11,Andriette Batts,Indonesia,abattsin@jugem.jp,Female,09-01-2011,O+,Tripura
1812MA13,Beverley Geoghegan,India,bgeogheganio@omniture.com,Female,19-06-2001,A+,Arunachal Pradesh
1812MA14,Mallorie Devinn,India,mdevinnip@blogtalkradio.com,Female,23-11-2012,A+,Lakshadweep
1812PH01,Onfroi Scain,Colombia,oscainiq@whitehouse.gov,Male,06-06-2003,B-,Chhattisgarh
1812PH04,Jephthah Coetzee,Indonesia,jcoetzeeir@apache.org,Male,24-01-2015,A-,Odisha
1812PH05,Douglass Priestner,Thailand,dpriestneris@i2i.jp,Male,26-11-2007,O+,Nagaland
1812PH07,Thebault Wathell,Russia,twathellit@cbc.ca,Male,24-12-2002,AB+,West Bengal
1812PH08,Ermentrude McKean,India,emckeaniu@woothemes.com,Female,08-04-2011,B-,Daman and Diu
1812PH09,Aggi Templeton,Thailand,atempletoniv@4shared.com,Female,17-06-2006,O-,Goa
1812PH10,Allis Coulthard,France,acoulthardiw@google.pl,Female,02-11-2007,O-,Bihar
1812PH11,Lauritz Pernell,Colombia,lpernellix@shareasale.com,Male,06-11-2009,AB-,Kerala
1821CB03,Corbet Sidary,Azerbaijan,csidaryiy@cloudflare.com,Male,23-03-2007,B+,Lakshadweep
1821CE05,Perle Fennick,Finland,pfennickiz@cyberchimps.com,Female,22-09-2007,O-,Sikkim
1821CE06,Annabelle Jennaroy,Brazil,ajennaroyj0@mayoclinic.com,Female,09-03-1999,B-,Jammu and Kashmir
1821CE08,Ramon Pidler,India,rpidlerj1@marketwatch.com,Male,06-09-2009,AB+,Tripura
1821CE09,Marleah Flatt,India,mflattj2@ftc.gov,Female,12-02-2009,A+,Meghalaya
1821CE12,Leoline Mellodey,Indonesia,lmellodeyj3@friendfeed.com,Female,24-03-2017,O+,Tamil Nadu
1821CH01,Kacie Kolakovic,Philippines,kkolakovicj4@sakura.ne.jp,Female,02-03-2013,A-,Dadra and Nagar Haveli
1821CH03,Hyacinthe Tringham,United States,htringhamj5@youku.com,Female,11-05-2005,A-,Mizoram
1821CH04,Ingaberg Crowdson,Poland,icrowdsonj6@nsw.gov.au,Female,16-02-2020,AB-,Chandigarh
1821CH05,Eberto Lucia,India,eluciaj7@indiatimes.com,Male,28-10-2017,O+,Delhi
1821CH06,Adriano Brambell,India,abrambellj8@apple.com,Male,05-09-2020,AB-,Rajasthan
1821CH07,Anthea Sciusscietto,India,asciussciettoj9@pagesperso-orange.fr,Female,05-05-2005,A+,Haryana
1821CH08,Edwin Wonfor,Indonesia,ewonforja@google.com.au,Male,04-10-2005,AB-,Delhi
1821CH09,Benji Pregel,Pakistan,bpregeljb@kickstarter.com,Male,05-06-2003,O-,Telangana
1821CH12,Archibaldo Maud,Malaysia,amaudjc@nbcnews.com,Male,22-01-2013,AB-,Jammu and Kashmir
1821CH13,West Aers,South Africa,waersjd@go.com,Male,25-03-2013,B+,Daman and Diu
1821CH14,Eward Selwyne,Russia,eselwyneje@unicef.org,Male,29-10-2016,A+,Odisha
1821CH15,Farly Tabram,Indonesia,ftabramjf@mapy.cz,Male,21-07-2020,B-,Andaman and Nicobar Islands
1821CS01,Torrie Machans,India,tmachansjg@wix.com,Female,01-04-2002,AB+,Sikkim
1821CS03,Bev Posthill,Russia,bposthilljh@mashable.com,Female,05-02-2001,A-,Chhattisgarh
1821CS05,Geoff Blandamere,Russia,gblandamereji@tinyurl.com,Male,05-10-2018,O-,Assam
1821CS06,Duffy Frickey,Australia,dfrickeyjj@jimdo.com,Male,11-04-2015,B-,Lakshadweep
1821CS07,Colly Sangar,Vietnam,csangarjk@booking.com,Female,28-04-2004,AB+,Mizoram
1821CS08,Kean Robak,Poland,krobakjl@networkadvertising.org,Male,12-10-2000,AB-,Uttarakhand
1821CS10,Janel Faust,Indonesia,jfaustjm@pen.io,Female,22-07-2007,O-,Andaman and Nicobar Islands
1821CS11,Kat Sturmey,India,ksturmeyjn@noaa.gov,Female,10-12-2003,AB-,Punjab
1821CS12,Vidovic Mumbey,India,vmumbeyjo@studiopress.com,Male,24-05-2009,O-,Arunachal Pradesh
1821CS13,Aura Hockey,Ukraine,ahockeyjp@wp.com,Female,29-05-2020,AB-,Sikkim
1821CS14,Lethia Romaines,Cameroon,lromainesjq@unc.edu,Female,22-05-1999,B+,Daman and Diu
1821CS15,Cristobal Cheltnam,Philippines,ccheltnamjr@adobe.com,Male,20-05-2002,AB+,Uttar Pradesh
1821CS16,Lisette Vassar,United States,lvassarjs@odnoklassniki.ru,Female,30-05-2014,AB+,Manipur
1821CS17,Albie Wakerley,Indonesia,awakerleyjt@harvard.edu,Male,31-03-2012,O-,Uttarakhand
1821CS18,Daryn Taye,Peru,dtayeju@dyndns.org,Female,20-01-2020,A+,Goa
1821EE01,Irita Eyree,India,ieyreejv@npr.org,Female,16-12-2005,O+,Tamil Nadu
1821EE02,Winn Print,India,wprintjw@oakley.com,Male,16-05-1999,A-,Daman and Diu
1821EE04,Cale Oliveto,Bangladesh,colivetojx@vk.com,Male,24-12-1999,B-,Jammu and Kashmir
1821EE06,Say Mapis,India,smapisjy@flavors.me,Male,07-02-2001,A-,Chhattisgarh
1821EE07,Deirdre Borges,India,dborgesjz@cbc.ca,Female,22-05-2017,AB-,Andaman and Nicobar Islands
1821EE08,Josy Bolte,Argentina,jboltek0@timesonline.co.uk,Female,27-01-2019,A-,Andaman and Nicobar Islands
1821EE09,Hymie Opie,Syria,hopiek1@apple.com,Male,06-02-2020,A-,Tripura
1821EE10,Nilson Keynes,Azerbaijan,nkeynesk2@ebay.co.uk,Male,23-01-2017,O-,Haryana
1821EE11,Rudd Scowcroft,Indonesia,rscowcroftk3@google.co.uk,Male,16-10-2017,B-,Puducherry
1821EE12,Liesa Singleton,India,lsingletonk4@wired.com,Female,21-06-2007,A+,Meghalaya
1821EE13,Bern Morando,Sweden,bmorandok5@theatlantic.com,Male,12-11-2013,B-,Himachal Pradesh
1821EE14,Sherman Sleigh,India,ssleighk6@cbsnews.com,Male,31-07-2006,A+,Maharashtra
1821EE17,Alexandros Stokey,Ukraine,astokeyk7@dropbox.com,Male,02-05-2001,O-,Uttar Pradesh
1821EE18,Obadias Empringham,Japan,oempringhamk8@twitter.com,Male,04-09-1999,A+,Bihar
1821HS02,Horatius Jedryka,India,hjedrykak9@discovery.com,Male,09-09-2014,AB+,Gujarat
1821HS04,Violante Doeg,Philippines,vdoegka@php.net,Female,29-11-2002,O-,Gujarat
1821HS05,Scot Thormwell,Andorra,sthormwellkb@bandcamp.com,Male,20-09-1999,O+,Himachal Pradesh
1821HS08,Ramonda Kiledal,Greece,rkiledalkc@spiegel.de,Female,25-08-2015,AB+,Bihar
1821MA01,Tara Nitto,Tanzania,tnittokd@bbc.co.uk,Female,27-03-2008,A-,Telangana
1821MA03,Xenos Spilsted,Russia,xspilstedke@sakura.ne.jp,Male,12-03-2016,B+,Madhya Pradesh
1821MA04,Ansell Yitzhak,Canada,ayitzhakkf@cnbc.com,Male,05-03-2016,O+,Kerala
1821MA05,Vinson Olerenshaw,Russia,volerenshawkg@joomla.org,Male,21-07-2008,A+,Kerala
1821MA06,Tucky Huson,Afghanistan,thusonkh@qq.com,Male,05-09-2011,O-,Delhi
1821MA09,Markos Tschursch,Honduras,mtschurschki@ihg.com,Male,02-03-2007,O-,West Bengal
1821MA10,Karlotte Guidotti,Palestinian Territory,kguidottikj@addtoany.com,Female,08-03-2002,AB+,Dadra and Nagar Haveli
1821ME02,Jeniffer Sinderson,Netherlands,jsindersonkk@sohu.com,Female,18-10-2011,A+,Tripura
1821ME06,Ransom Voak,Argentina,rvoakkl@columbia.edu,Male,18-05-2004,AB+,Assam
1821ME07,Gerri Haug,Philippines,ghaugkm@cdc.gov,Male,15-08-2009,B+,Bihar
1821ME11,Sloan Demchen,India,sdemchenkn@csmonitor.com,Male,03-06-2000,B+,Jharkhand
1821ME12,Lacie Hagan,Ukraine,lhaganko@usda.gov,Female,08-09-2014,B-,Lakshadweep
1821ME17,Celia McClenaghan,Swaziland,cmcclenaghankp@ca.gov,Female,02-05-2004,O-,Sikkim
1821ME18,Lemmie Sybry,India,lsybrykq@wp.com,Male,19-07-2013,AB-,Delhi
1821ME19,Saunderson Osgordby,Philippines,sosgordbykr@free.fr,Male,13-04-2009,O-,Maharashtra
1821ME20,Linell Lammiman,Indonesia,llammimanks@google.es,Female,04-05-2006,A+,Tripura
1821MS01,Bradly Bourdon,Poland,bbourdonkt@state.tx.us,Male,02-04-2014,AB+,Odisha
1821MS02,Alberto Patching,Greece,apatchingku@guardian.co.uk,Male,19-08-2012,A+,Odisha
1821MS03,Yovonnda Milbank,Panama,ymilbankkv@1688.com,Female,21-02-2001,B+,Daman and Diu
1821PH03,Ruthy Dennitts,Russia,rdennittskw@over-blog.com,Female,30-01-2006,AB-,Tamil Nadu
1821PH04,Stan Clogg,Russia,scloggkx@feedburner.com,Male,13-08-2013,A-,Jharkhand
1821PH05,Twyla De'Ath,India,tdeathky@ning.com,Female,28-04-2018,A+,Uttarakhand
1821PH09,Giacobo Zucker,India,gzuckerkz@nifty.com,Male,31-01-2015,AB-,Himachal Pradesh
1821PH12,Dee dee Elsbury,Netherlands,ddeel0@smugmug.com,Female,22-11-2015,AB+,Tamil Nadu
1821PH14,Quillan Gutcher,Serbia,qgutcherl1@virginia.edu,Male,13-04-2012,B+,Delhi
189_Spouse,Daisie Pomroy,Indonesia,dpomroyl2@de.vu,Female,13-11-2009,B+,Chhattisgarh
18PS01,Baldwin Ashleigh,India,bashleighl3@auda.org.au,Male,12-10-2006,A-,Punjab
18PS04,Des Giggs,Malawi,dgiggsl4@yellowpages.com,Male,28-12-2005,O+,Haryana
18PS07,Hobie Flacke,Portugal,hflackel5@skype.com,Male,31-01-2020,AB-,Goa
18PS16,Alexander Beadel,Czech Republic,abeadell6@bloomberg.com,Male,10-02-2017,A+,Andaman and Nicobar Islands
18PS17,Marie-ann Swan,Chile,mswanl7@skype.com,Female,10-03-2010,A-,Jharkhand
18PS21,Darlleen Jump,Yemen,djumpl8@weebly.com,Female,10-10-2006,B+,Sikkim
18PS24,Aube Smolan,Indonesia,asmolanl9@slashdot.org,Male,21-01-2013,AB-,Andaman and Nicobar Islands
18PS27,Artie Huet,Mexico,ahuetla@feedburner.com,Male,09-12-2012,B+,Daman and Diu
18PS35,Emlen Flawn,Russia,eflawnlb@lulu.com,Male,02-09-2010,A-,Dadra and Nagar Haveli
18PS42,Bevvy Veque,Japan,bvequelc@dot.gov,Female,01-05-2016,B+,Andhra Pradesh
18PS44,Kerk Waterhous,India,kwaterhousld@unicef.org,Male,04-07-2008,O-,Puducherry
1901CB01,Goldina Sandom,Russia,gsandomle@gravatar.com,Female,24-06-2006,A+,Haryana
1901CB02,Quinton Fosserd,Uzbekistan,qfosserdlf@oracle.com,Male,28-07-2019,AB+,Maharashtra
1901CB03,Sherwin Ace,Russia,sacelg@rediff.com,Male,06-12-2008,A+,Manipur
1901CB04,Blisse Verdey,Mongolia,bverdeylh@npr.org,Female,05-05-2006,AB+,Himachal Pradesh
1901CB06,Alberto Freeburn,Argentina,afreeburnli@live.com,Male,16-12-2007,O-,Jammu and Kashmir
1901CB07,Esmaria Shewan,India,eshewanlj@loc.gov,Female,15-01-1999,AB-,Uttarakhand
1901CB08,Ginni Vella,India,gvellalk@wp.com,Female,29-03-1999,B+,Tamil Nadu
1901CB09,Annadiana Rampling,Croatia,aramplingll@spotify.com,Female,07-12-2016,B+,Karnataka
1901CB10,Gwenneth Rosenblatt,India,grosenblattlm@tumblr.com,Female,01-01-2011,O-,Haryana
1901CB11,Arnoldo Duckinfield,Czech Republic,aduckinfieldln@about.com,Male,27-04-2001,B-,Bihar
1901CB13,Lizbeth Ingilson,India,lingilsonlo@bloglovin.com,Female,06-11-2003,B+,Arunachal Pradesh
1901CB14,Rollo Rosendahl,Thailand,rrosendahllp@prweb.com,Male,06-09-2000,O-,Kerala
1901CB16,Henryetta Steabler,Canada,hsteablerlq@yahoo.com,Female,07-12-2019,O-,Tripura
1901CB17,Joey Dorow,India,jdorowlr@about.com,Female,21-12-2017,O-,Andaman and Nicobar Islands
1901CB18,Godfree Fantin,Philippines,gfantinls@newsvine.com,Male,11-02-2003,AB+,Chhattisgarh
1901CB19,Charles Pollak,Indonesia,cpollaklt@google.pl,Male,19-10-1999,AB-,Meghalaya
1901CB20,Tove Grigorian,Ukraine,tgrigorianlu@dagondesign.com,Female,18-02-2008,A-,Manipur
1901CB22,Boyce Flores,Russia,bfloreslv@squarespace.com,Male,08-01-2006,B+,Arunachal Pradesh
1901CB23,Frannie Sowley,Indonesia,fsowleylw@github.com,Female,30-03-2011,O-,Jharkhand
1901CB24,Philippa Tomenson,Norway,ptomensonlx@europa.eu,Female,28-08-2018,O-,Lakshadweep
1901CB25,Ado Kitteman,India,akittemanly@discovery.com,Male,11-01-2011,A+,Daman and Diu
1901CB27,Maximilianus Chilcott,Indonesia,mchilcottlz@google.es,Male,25-04-2008,B+,Jammu and Kashmir
1901CB28,Claudetta De Pero,Vietnam,cdem0@amazon.com,Female,13-10-2007,B-,Chhattisgarh
1901CB30,Paulita Manie,Croatia,pmaniem1@icq.com,Female,11-11-2010,O+,Madhya Pradesh
1901CB32,Mozes Schroeder,Brazil,mschroederm2@comsenz.com,Male,16-01-2002,B-,Dadra and Nagar Haveli
1901CB33,Sibyl Taaffe,Sweden,staaffem3@dagondesign.com,Male,13-04-2012,B-,Lakshadweep
1901CB34,Ruben Weadick,Philippines,rweadickm4@abc.net.au,Male,05-11-2019,O+,Uttarakhand
1901CB35,Doria Yarnton,India,dyarntonm5@addtoany.com,Female,10-01-2013,A-,Chandigarh
1901CB36,Tynan Jobke,Peru,tjobkem6@list-manage.com,Male,10-10-2004,O-,Andaman and Nicobar Islands
1901CB37,Ekaterina Ollenbuttel,India,eollenbuttelm7@acquirethisname.com,Female,19-11-2002,A+,Manipur
1901CB39,Rodd Kilfeder,Italy,rkilfederm8@intel.com,Male,22-09-2003,B+,Uttarakhand
1901CB40,Dominic Baildon,Argentina,dbaildonm9@seattletimes.com,Male,21-12-1998,A+,Daman and Diu
1901CB41,Maxy Musslewhite,Pakistan,mmusslewhitema@godaddy.com,Male,15-05-2001,A+,Odisha
1901CB43,Caitrin Cohalan,Indonesia,ccohalanmb@goo.gl,Female,31-12-2002,AB+,Jammu and Kashmir
1901CB45,Jany Verheijden,Uzbekistan,jverheijdenmc@1688.com,Female,19-09-2005,O-,Dadra and Nagar Haveli
1901CB46,Red Dalla,India,rdallamd@last.fm,Male,08-08-2010,O+,Nagaland
1901CB47,Piper Asher,Thailand,pasherme@ehow.com,Female,24-12-2014,O-,Odisha
1901CB48,Julita Kelledy,Japan,jkelledymf@vimeo.com,Female,04-11-2011,B-,Dadra and Nagar Haveli
1901CB49,Margaret Middlebrook,Russia,mmiddlebrookmg@epa.gov,Female,10-06-2017,A+,Daman and Diu
1901CB50,Gaynor Habbert,Indonesia,ghabbertmh@cocolog-nifty.com,Female,26-03-2006,B+,Punjab
1901CB51,Kimball Hembry,Philippines,khembrymi@weibo.com,Male,26-06-2005,O-,Andhra Pradesh
1901CB52,Kimbra Schultze,India,kschultzemj@India.com.cn,Female,08-10-2000,A-,Bihar
1901CB53,Isabel Jozsika,Ireland,ijozsikamk@usnews.com,Female,06-03-2002,O-,Delhi
1901CB54,Chadd Wishart,Philippines,cwishartml@drupal.org,Male,05-08-2019,O+,Haryana
1901CB55,Sherill Blackey,Serbia,sblackeymm@unc.edu,Female,15-12-2010,O-,Uttarakhand
1901CB56,Anett M'Barron,Russia,ambarronmn@who.int,Female,13-07-2010,O+,Meghalaya
1901CB57,Claudius Ivashnikov,India,civashnikovmo@macromedia.com,Male,21-12-2016,AB-,Jharkhand
1901CE01,Everett Szapiro,Portugal,eszapiromp@google.nl,Male,20-05-2000,O+,Haryana
1901CE03,Monah Derx,France,mderxmq@furl.net,Female,28-12-2019,A-,Himachal Pradesh
1901CE04,Lilith D'Aubney,Colombia,ldaubneymr@telegraph.co.uk,Female,20-08-2006,AB+,Meghalaya
1901CE05,Clyde Stonhewer,Mexico,cstonhewerms@sourceforge.net,Male,09-02-2005,O-,Haryana
1901CE06,Dinah Arsnell,Brazil,darsnellmt@histats.com,Female,16-02-2017,B+,Goa
1901CE07,Norby Hayer,Brazil,nhayermu@ehow.com,Male,28-11-2001,AB+,Chhattisgarh
1901CE08,Ronny Deevey,Indonesia,rdeeveymv@google.pl,Male,13-10-2015,O-,Goa
1901CE09,Lonni Godmer,India,lgodmermw@java.com,Female,22-04-2009,O-,Lakshadweep
1901CE10,Thaxter Le Borgne,Tanzania,tlemx@ycombinator.com,Male,19-09-2005,A-,Tamil Nadu
1901CE11,Stevy Peyes,Indonesia,speyesmy@nydailynews.com,Male,02-04-2003,AB-,Karnataka
1901CE12,Renata Le Grys,Philippines,rlemz@blinklist.com,Female,25-04-2009,O+,Manipur
1901CE13,Town Woolager,India,twoolagern0@arizona.edu,Male,20-09-2000,A-,Sikkim
1901CE14,Marney Sowerbutts,Bulgaria,msowerbuttsn1@homestead.com,Female,08-06-2007,AB+,Madhya Pradesh
1901CE15,Arleen Bolino,Poland,abolinon2@nationalgeographic.com,Female,27-04-2012,O-,Madhya Pradesh
1901CE16,Bevan Tzarkov,Hungary,btzarkovn3@India.com.cn,Male,09-06-2004,O+,Telangana
1901CE17,Anton Segar,India,asegarn4@goo.ne.jp,Male,12-06-2009,AB+,Meghalaya
1901CE18,Kliment Kubista,France,kkubistan5@epa.gov,Male,29-06-2002,A-,Daman and Diu
1901CE19,Dara Garfit,Japan,dgarfitn6@squidoo.com,Female,23-12-2013,A-,West Bengal
1901CE20,Lea Abbay,Sri Lanka,labbayn7@virginia.edu,Female,28-11-2013,A+,Daman and Diu
1901CE21,Sydel Vawton,India,svawtonn8@cdc.gov,Female,05-08-1999,A-,Manipur
1901CE22,Maisey Crippill,France,mcrippilln9@boston.com,Female,03-03-2004,AB-,Goa
1901CE23,Gwenore Binton,United States,gbintonna@cargocollective.com,Female,17-09-2015,AB-,Bihar
1901CE24,Rutter Reyner,Croatia,rreynernb@opensource.org,Male,23-05-2020,AB-,Gujarat
1901CE25,Terrill Canavan,Russia,tcanavannc@cbslocal.com,Male,06-06-2004,B-,Himachal Pradesh
1901CE26,Job Immer,Indonesia,jimmernd@dot.gov,Male,06-01-2020,A+,Odisha
1901CE27,Abbye Stoppard,South Africa,astoppardne@devhub.com,Female,13-02-2008,B-,Delhi
1901CE28,Pris Wyeld,United States,pwyeldnf@craigslist.org,Female,02-11-2015,O+,Jammu and Kashmir
1901CE29,Joshuah Blakesley,Greece,jblakesleyng@wordpress.org,Male,22-01-2007,AB-,Goa
1901CE31,Malena Merington,India,mmeringtonnh@shinystat.com,Female,13-02-2011,B-,Jammu and Kashmir
1901CE32,Lyon Buske,Ethiopia,lbuskeni@salon.com,Male,09-12-2016,B+,Uttarakhand
1901CE34,Krissy Farndon,Panama,kfarndonnj@patch.com,Female,12-05-1999,O-,Daman and Diu
1901CE35,Francine Balderstone,Canada,fbalderstonenk@timesonline.co.uk,Female,21-08-2002,O+,Meghalaya
1901CE36,Marget Cantrell,Bulgaria,mcantrellnl@networkadvertising.org,Female,21-05-2000,AB-,Bihar
1901CE37,Myrlene Thiem,Nigeria,mthiemnm@edublogs.org,Female,30-07-2020,B+,West Bengal
1901CE38,Hank Janson,Albania,hjansonnn@freewebs.com,Male,04-10-2016,A+,Madhya Pradesh
1901CE39,Otto Dakers,Poland,odakersno@tripadvisor.com,Male,12-09-2001,AB+,Haryana
1901CE41,Edgar Dibbin,United States,edibbinnp@microsoft.com,Male,11-02-2000,A-,Lakshadweep
1901CE42,Ericka Summerson,Uzbekistan,esummersonnq@mashable.com,Female,20-06-2005,O+,Delhi
1901CE43,Kendrick Choffin,Philippines,kchoffinnr@sohu.com,Male,23-06-2004,O+,Himachal Pradesh
1901CE44,Gardiner Gilhespy,Czech Republic,ggilhespyns@bbb.org,Male,05-10-2016,A-,Daman and Diu
1901CE45,Gideon Argente,Slovenia,gargentent@a8.net,Male,03-08-2000,AB+,Rajasthan
1901CE48,Melvyn Shillabeare,Poland,mshillabearenu@unblog.fr,Male,19-09-2012,O-,Bihar
1901CE49,Roxy MacGiolla Pheadair,Finland,rmacgiollanv@google.co.jp,Female,29-05-2017,A-,Puducherry
1901CE50,Justis Korfmann,Philippines,jkorfmannnw@storify.com,Male,25-10-2014,B+,Andhra Pradesh
1901CE51,Cash Hune,India,chunenx@delicious.com,Male,23-04-2020,AB-,Tamil Nadu
1901CE52,Zollie McPhail,United States,zmcphailny@1und1.de,Male,08-11-2008,AB+,Jammu and Kashmir
1901CE53,Loreen Lindop,Ukraine,llindopnz@webnode.com,Female,01-12-1999,AB-,Tamil Nadu
1901CE54,Kamila Roggieri,India,kroggierio0@mtv.com,Female,28-01-2007,A+,Madhya Pradesh
1901CE55,Cary Dolling,Sierra Leone,cdollingo1@storify.com,Male,03-03-2016,AB+,Dadra and Nagar Haveli
1901CE56,Letitia Turgoose,Peru,lturgooseo2@sohu.com,Female,13-09-2011,AB-,Lakshadweep
1901CS01,Ivette Doring,Ukraine,idoringo3@independent.co.uk,Female,17-06-2011,A-,Goa
1901CS02,Rochella Marriage,Comoros,rmarriageo4@simplemachines.org,Female,23-05-2006,AB-,Jharkhand
1901CS03,Delila Edney,Japan,dedneyo5@de.vu,Female,22-07-2002,B-,Karnataka
1901CS04,Cesaro Willeson,Philippines,cwillesono6@pinterest.com,Male,29-08-2001,O+,Karnataka
1901CS05,James Hacking,Portugal,jhackingo7@soundcloud.com,Male,13-01-1999,B+,Tripura
1901CS06,Obie Horbart,Peru,ohorbarto8@mtv.com,Male,21-06-2004,O-,Tamil Nadu
1901CS07,Siward Twidale,Canada,stwidaleo9@nba.com,Male,28-12-2007,AB-,Uttar Pradesh
1901CS08,Luther Largen,Indonesia,llargenoa@issuu.com,Male,03-03-2004,B-,Tamil Nadu
1901CS09,Angelika Plett,India,aplettob@yale.edu,Female,10-07-2011,AB-,Kerala
1901CS10,Thaddeus Rollins,Iraq,trollinsoc@yahoo.com,Male,29-12-2017,AB+,Maharashtra
1901CS11,Jereme Kaman,Luxembourg,jkamanod@tinyurl.com,Male,26-06-2009,O-,Tripura
1901CS12,Maximilien MacAnespie,India,mmacanespieoe@nifty.com,Male,17-05-2018,B+,Jammu and Kashmir
1901CS13,Delia Wallworth,Finland,dwallworthof@ebay.com,Female,17-11-2018,O-,Chandigarh
1901CS14,Darbie Reddlesden,Russia,dreddlesdenog@spotify.com,Female,14-02-2020,B+,Puducherry
1901CS15,Jarad MacKaile,Malaysia,jmackaileoh@canalblog.com,Male,02-04-2012,B+,Odisha
1901CS16,Isacco Birchall,France,ibirchalloi@washingtonpost.com,Male,11-10-2016,A-,Tamil Nadu
1901CS17,Neville Rilings,Panama,nrilingsoj@gov.uk,Male,04-12-2014,O-,Jammu and Kashmir
1901CS18,Lucille Blanko,Indonesia,lblankook@google.com.au,Female,18-02-2003,AB+,Nagaland
1901CS19,Gwynne Beri,Portugal,gberiol@networkadvertising.org,Female,06-04-1999,A-,Jammu and Kashmir
1901CS20,Ofelia Etteridge,Indonesia,oetteridgeom@slashdot.org,Female,13-02-2001,B-,Meghalaya
1901CS21,Mandy Lambswood,Indonesia,mlambswoodon@a8.net,Female,16-08-2011,O+,Sikkim
1901CS22,Mandy Breese,Cameroon,mbreeseoo@cmu.edu,Female,28-01-2006,B-,Kerala
1901CS23,Linn Boraston,Russia,lborastonop@reverbnation.com,Female,01-04-2017,A+,Daman and Diu
1901CS24,Reggie Chapleo,India,rchapleooq@weebly.com,Male,16-09-2011,O+,Uttar Pradesh
1901CS25,Cordell Jaye,Colombia,cjayeor@tripadvisor.com,Male,25-12-2011,O-,Jharkhand
1901CS27,Perceval Rennles,Portugal,prennlesos@zdnet.com,Male,28-02-2000,AB+,Delhi
1901CS28,Konstanze Shurmer,India,kshurmerot@npr.org,Female,01-04-2001,AB+,Tamil Nadu
1901CS29,Langsdon Kimmitt,Sri Lanka,lkimmittou@eventbrite.com,Male,09-12-2015,B-,Puducherry
1901CS30,Aleta Poulsen,Serbia,apoulsenov@uiuc.edu,Female,09-10-2005,O-,Sikkim
1901CS31,Yolande Panchen,Portugal,ypanchenow@yelp.com,Female,14-10-2015,O+,Karnataka
1901CS32,Barnaby Ewebank,Kenya,bewebankox@shareasale.com,Male,27-04-2009,O+,Lakshadweep
1901CS33,Dottie Hurne,Philippines,dhurneoy@ucoz.com,Female,29-05-2007,B+,Meghalaya
1901CS34,Justis Mossman,Pakistan,jmossmanoz@163.com,Male,18-01-2013,B+,Telangana
1901CS35,Dmitri Nore,Canada,dnorep0@mozilla.org,Male,28-01-2008,AB-,Uttarakhand
1901CS36,Allan Longshaw,Kiribati,alongshawp1@altervista.org,Male,29-09-2001,O-,Kerala
1901CS37,Melody Prestedge,India,mprestedgep2@bbb.org,Female,30-11-2009,B-,Mizoram
1901CS38,Yettie Shute,Portugal,yshutep3@surveymonkey.com,Female,05-07-2017,B-,Lakshadweep
1901CS39,Olivier Botright,Indonesia,obotrightp4@yandex.ru,Male,26-01-2000,AB+,Goa
1901CS40,Elias Ullyott,India,eullyottp5@hibu.com,Male,25-06-2018,B-,Assam
1901CS41,Anetta Graver,Poland,agraverp6@cargocollective.com,Female,17-07-2013,B+,Dadra and Nagar Haveli
1901CS42,Holli Willetts,Cyprus,hwillettsp7@google.de,Female,19-01-2010,O-,Bihar
1901CS43,Addy Speke,Brazil,aspekep8@123-reg.co.uk,Male,11-11-2008,A+,Dadra and Nagar Haveli
1901CS44,Mart Bumphries,Nicaragua,mbumphriesp9@amazon.de,Male,13-10-2013,A+,Maharashtra
1901CS45,Grange Minchin,India,gminchinpa@oracle.com,Male,04-03-2008,B-,Chandigarh
1901CS46,Stevy Gaytor,Russia,sgaytorpb@macromedia.com,Male,19-09-2011,B+,Goa
1901CS48,Jen Anfonsi,Norway,janfonsipc@g.co,Female,25-06-2020,A+,Maharashtra
1901CS49,Rozalin Padbury,Indonesia,rpadburypd@cbc.ca,Female,08-11-2012,A-,Odisha
1901CS50,Jilleen Acklands,Vietnam,jacklandspe@jugem.jp,Female,03-07-2016,O-,Andhra Pradesh
1901CS51,Mickey Garroch,Poland,mgarrochpf@bloglovin.com,Male,24-08-2018,B-,Madhya Pradesh
1901CS52,Meredithe Kummerlowe,Mongolia,mkummerlowepg@hostgator.com,Female,02-12-2005,A-,Dadra and Nagar Haveli
1901CS53,Lesya Jovanovic,Brazil,ljovanovicph@hexun.com,Female,23-06-2007,B+,Madhya Pradesh
1901CS54,Dunn De Roeck,India,ddepi@furl.net,Male,30-03-2013,O+,Maharashtra
1901CS55,Gerhard Dundredge,France,gdundredgepj@omniture.com,Male,14-03-2015,B-,Tripura
1901CS57,Willyt Matthaus,Philippines,wmatthauspk@usgs.gov,Female,14-10-2009,O+,Kerala
1901CS58,Susann Duncklee,Indonesia,sdunckleepl@biglobe.ne.jp,Female,15-05-2014,O-,Chandigarh
1901CS59,Vin Halpine,Russia,vhalpinepm@arizona.edu,Male,13-08-2010,B-,Tamil Nadu
1901CS60,Kiah Zorzi,Portugal,kzorzipn@wisc.edu,Female,06-05-2000,O+,Telangana
1901CS62,Doe Dengel,Ireland,ddengelpo@dmoz.org,Female,07-12-2001,A-,Jharkhand
1901CS63,Elbert Ever,France,eeverpp@narod.ru,Male,03-09-2000,O+,Arunachal Pradesh
1901CS64,Herculie Laphorn,Sri Lanka,hlaphornpq@webnode.com,Male,15-11-2013,AB-,Dadra and Nagar Haveli
1901CS65,Marion Boggs,Ukraine,mboggspr@163.com,Male,13-03-2005,O+,Jharkhand
1901CS66,Ephraim Banbrigge,India,ebanbriggeps@usatoday.com,Male,26-01-2017,O+,Gujarat
1901CS67,Merci Culter,Pakistan,mculterpt@forbes.com,Female,29-08-2011,AB-,Uttarakhand
1901CS68,Junette Stanners,Russia,jstannerspu@go.com,Female,07-06-2015,A-,Telangana
1901CS69,Geno Grocock,Russia,ggrocockpv@nyu.edu,Male,27-01-2015,B+,Tripura
1901CS70,Larine Rayer,India,lrayerpw@ask.com,Female,14-11-2005,B+,Dadra and Nagar Haveli
1901CS71,Beverley Rackam,United States,brackampx@foxnews.com,Female,06-06-2011,AB+,Madhya Pradesh
1901CS72,Packston Bedlington,Pakistan,pbedlingtonpy@yelp.com,Male,03-05-2018,B-,Manipur
1901CS73,Fee Zylberdik,Indonesia,fzylberdikpz@storify.com,Male,21-06-2016,O+,Goa
1901CS74,Rachael Adds,Indonesia,raddsq0@youtube.com,Female,11-02-2016,B-,Delhi
1901CS75,Tito Georgeson,Indonesia,tgeorgesonq1@cloudflare.com,Male,28-08-2003,AB+,Tamil Nadu
1901CS76,Tanitansy Boow,India,tboowq2@cnet.com,Female,19-02-2019,B+,Chandigarh
1901CS77,Claudius Dowsing,Vietnam,cdowsingq3@exblog.jp,Male,03-12-1999,O+,Delhi
1901CS78,Jocko Wynn,India,jwynnq4@bing.com,Male,20-03-2015,A+,Goa
1901CS79,Janenna Vigne,Russia,jvigneq5@bandcamp.com,Female,05-07-2012,AB+,Chandigarh
1901EE01,Erma Packman,Czech Republic,epackmanq6@columbia.edu,Female,23-09-2017,O+,Tamil Nadu
1901EE02,Josh Kempster,Tanzania,jkempsterq7@so-net.ne.jp,Male,18-07-2011,B-,Jharkhand
1901EE03,Brenden Gainsborough,India,bgainsboroughq8@twitpic.com,Male,08-08-1999,AB+,Bihar
1901EE04,Hillary Andreaccio,Guatemala,handreaccioq9@google.cn,Female,19-07-2016,B-,Uttar Pradesh
1901EE05,Adriaens Skipton,India,askiptonqa@deviantart.com,Female,08-05-2008,O+,Telangana
1901EE06,Carlee Bradburne,Argentina,cbradburneqb@washingtonpost.com,Female,29-10-2016,O-,Telangana
1901EE07,Gregg Dell Casa,Philippines,gdellqc@cdc.gov,Male,11-03-1999,A+,Haryana
1901EE08,Upton Reece,Thailand,ureeceqd@ask.com,Male,13-04-2010,O-,Daman and Diu
1901EE09,Warden Courteney,Ukraine,wcourteneyqe@cdbaby.com,Male,05-01-2011,B+,Jammu and Kashmir
1901EE10,Phyllida Hyndman,Poland,phyndmanqf@t-online.de,Female,11-10-2010,B-,Mizoram
1901EE11,Eli Urwen,United States,eurwenqg@ebay.co.uk,Male,22-09-2005,A-,Haryana
1901EE12,Monah Osipov,Palestinian Territory,mosipovqh@typepad.com,Female,28-05-2020,B-,West Bengal
1901EE13,De Michie,India,dmichieqi@cam.ac.uk,Female,31-07-2020,A+,Maharashtra
1901EE14,Leena Roome,Egypt,lroomeqj@ovh.net,Female,30-11-2017,B+,Andaman and Nicobar Islands
1901EE15,Decca Cheavin,Belarus,dcheavinqk@lulu.com,Male,16-08-2014,AB-,Daman and Diu
1901EE16,Libbie Bockh,Sweden,lbockhql@webmd.com,Female,15-04-2002,A-,Himachal Pradesh
1901EE17,Juana Luckes,India,jluckesqm@census.gov,Female,22-05-1999,O-,Telangana
1901EE18,Kylen Doody,India,kdoodyqn@skyrock.com,Female,16-08-2009,B+,Jharkhand
1901EE19,Harley Fearneley,India,hfearneleyqo@livejournal.com,Female,17-11-2008,AB-,Manipur
1901EE20,Marci Lujan,Philippines,mlujanqp@eepurl.com,Female,06-11-2016,AB+,Nagaland
1901EE21,Farlie Dudman,Russia,fdudmanqq@statcounter.com,Male,11-05-2005,O+,Daman and Diu
1901EE22,Ileane Pridgeon,Angola,ipridgeonqr@biblegateway.com,Female,22-08-2018,B-,West Bengal
1901EE23,Gibby Bastian,India,gbastianqs@utexas.edu,Male,25-02-2005,A-,Tripura
1901EE24,Nesta Bitcheno,Peru,nbitchenoqt@wsj.com,Female,05-02-2012,B-,Gujarat
1901EE25,Alessandro Ravenscroft,Brazil,aravenscroftqu@51.la,Male,01-09-2019,B+,Kerala
1901EE26,Durante Kleiner,Indonesia,dkleinerqv@deviantart.com,Male,07-07-2018,AB+,Karnataka
1901EE27,Elsy Gyrgorwicx,India,egyrgorwicxqw@artisteer.com,Female,16-04-2001,B-,Mizoram
1901EE28,Berkeley Waleworke,Finland,bwaleworkeqx@bing.com,Male,01-10-2006,AB+,Manipur
1901EE29,Bronson Freyne,South Africa,bfreyneqy@ocn.ne.jp,Male,04-11-2018,B-,Lakshadweep
1901EE30,Jacobo Cornbill,India,jcornbillqz@washingtonpost.com,Male,25-11-2000,AB-,Telangana
1901EE31,Jaymee Milliken,Philippines,jmillikenr0@bloomberg.com,Female,31-07-2009,B+,Karnataka
1901EE32,Pepillo Meininking,Sweden,pmeininkingr1@weibo.com,Male,29-07-2014,B+,Puducherry
1901EE33,Helena Vigietti,Iraq,hvigiettir2@irs.gov,Female,18-09-2013,B+,Himachal Pradesh
1901EE34,Rory Selborne,Indonesia,rselborner3@sun.com,Male,08-12-2018,A+,Haryana
1901EE35,Whitby Burbage,India,wburbager4@flickr.com,Male,11-12-2009,B+,Himachal Pradesh
1901EE36,Emery Kirley,Cuba,ekirleyr5@vimeo.com,Male,26-02-2008,A+,Uttar Pradesh
1901EE37,Francois Malster,Indonesia,fmalsterr6@tinyurl.com,Male,06-05-2013,B+,Tripura
1901EE39,Efren Minguet,United States,eminguetr7@guardian.co.uk,Male,22-01-2007,O-,Lakshadweep
1901EE40,Cammy Llewellyn,India,cllewellynr8@ameblo.jp,Male,23-11-2003,O+,Puducherry
1901EE41,Rasla Daborn,Indonesia,rdabornr9@typepad.com,Female,01-11-2009,AB+,Telangana
1901EE42,Piggy Sillitoe,Benin,psillitoera@hp.com,Male,30-01-2018,O-,Puducherry
1901EE43,Nap McIlwrick,Russia,nmcilwrickrb@zdnet.com,Male,26-05-2006,B+,Punjab
1901EE44,Ambrose Dominey,Armenia,adomineyrc@cargocollective.com,Male,31-12-2016,B+,Jammu and Kashmir
1901EE45,Marna Symon,Poland,msymonrd@fastcompany.com,Female,18-04-2002,B-,Chhattisgarh
1901EE46,Olivie Miles,Venezuela,omilesre@howstuffworks.com,Female,24-09-2020,B+,Daman and Diu
1901EE47,Ebenezer Moogan,Portugal,emooganrf@printfriendly.com,Male,20-04-2000,O-,Himachal Pradesh
1901EE48,Mason Greenlees,India,mgreenleesrg@guardian.co.uk,Male,30-07-2015,AB-,Meghalaya
1901EE49,Doralyn Chevers,Nigeria,dcheversrh@yelp.com,Female,17-02-2014,AB-,Chhattisgarh
1901EE50,Cully Kepling,Poland,ckeplingri@blogs.com,Male,15-04-2001,B-,Andaman and Nicobar Islands
1901EE51,Gayelord Gallen,Poland,ggallenrj@goo.gl,Male,27-01-2003,A+,Puducherry
1901EE52,Annabal Chalice,United States,achalicerk@dedecms.com,Female,10-12-2011,O-,Mizoram
1901EE53,Kanya Vassbender,Central African Republic,kvassbenderrl@sogou.com,Female,26-08-2010,O-,Telangana
1901EE54,Tabby Jonsson,Ukraine,tjonssonrm@t-online.de,Female,11-12-1999,AB-,Tripura
1901EE55,Peri Treadger,Dominican Republic,ptreadgerrn@fc2.com,Female,26-12-2016,B-,Madhya Pradesh
1901EE56,Rubia Pass,Thailand,rpassro@barnesandnoble.com,Female,24-08-2013,AB-,Tamil Nadu
1901EE57,Allyn Bayfield,Mongolia,abayfieldrp@naver.com,Male,31-10-2009,B-,Maharashtra
1901EE58,Alisa Seldner,Paraguay,aseldnerrq@constantcontact.com,Female,19-12-2002,AB-,Jammu and Kashmir
1901EE59,Bernette Wyett,Togo,bwyettrr@domainmarket.com,Female,18-01-2004,AB+,Madhya Pradesh
